-- MariaDB dump 10.19  Distrib 10.11.6-MariaDB, for debian-linux-gnu (x86_64)
--
-- Host: localhost    Database: liga
-- ------------------------------------------------------
-- Server version	10.11.6-MariaDB-0+deb12u1

/*!40101 SET @OLD_CHARACTER_SET_CLIENT=@@CHARACTER_SET_CLIENT */;
/*!40101 SET @OLD_CHARACTER_SET_RESULTS=@@CHARACTER_SET_RESULTS */;
/*!40101 SET @OLD_COLLATION_CONNECTION=@@COLLATION_CONNECTION */;
/*!40101 SET NAMES utf8mb4 */;
/*!40103 SET @OLD_TIME_ZONE=@@TIME_ZONE */;
/*!40103 SET TIME_ZONE='+00:00' */;
/*!40014 SET @OLD_UNIQUE_CHECKS=@@UNIQUE_CHECKS, UNIQUE_CHECKS=0 */;
/*!40014 SET @OLD_FOREIGN_KEY_CHECKS=@@FOREIGN_KEY_CHECKS, FOREIGN_KEY_CHECKS=0 */;
/*!40101 SET @OLD_SQL_MODE=@@SQL_MODE, SQL_MODE='NO_AUTO_VALUE_ON_ZERO' */;
/*!40111 SET @OLD_SQL_NOTES=@@SQL_NOTES, SQL_NOTES=0 */;

--
-- Table structure for table `clubs`
--

DROP TABLE IF EXISTS `clubs`;
/*!40101 SET @saved_cs_client     = @@character_set_client */;
/*!40101 SET character_set_client = utf8 */;
CREATE TABLE `clubs` (
  `id` int(11) NOT NULL,
  `nombre` varchar(20) DEFAULT NULL,
  `handicap` int(11) DEFAULT NULL,
  `país` varchar(10) DEFAULT NULL,
  `fundación` int(11) DEFAULT NULL,
  `presidente` varchar(40) DEFAULT NULL,
  `entrenador` varchar(40) DEFAULT NULL,
  `web` varchar(30) DEFAULT NULL,
  PRIMARY KEY (`id`)
) ENGINE=InnoDB DEFAULT CHARSET=utf8mb4 COLLATE=utf8mb4_general_ci;
/*!40101 SET character_set_client = @saved_cs_client */;

--
-- Dumping data for table `clubs`
--

LOCK TABLES `clubs` WRITE;
/*!40000 ALTER TABLE `clubs` DISABLE KEYS */;
INSERT INTO `clubs` VALUES
(1,'Alavés',32,'España',1921,'Alfonso Fernández de Trocóniz','Luis García Plaza','www.deportivoalaves.com'),
(2,'Almería',23,'España',1989,'Turki Al-Sheikh','Gaizka Garitano','www.udalmeriasad.com'),
(3,'Athletic de Bilbao',53,'España',1898,'Jon Uriarte','Ernesto Valverde','www.athletic-club.net'),
(4,'Atlético de Madrid',52,'España',1903,'Enrique Cerezo','Diego Pablo Simeone','www.clubatleticodemadrid.com'),
(5,'Barcelona',58,'España',1899,'Joan Laporta','Xavi Hernández','www.fcbarcelona.com'),
(6,'Betis',42,'España',1907,'Ángel Haro','Manuel Pellegrini','www.realbetisbalompie.es'),
(7,'Cádiz',26,'España',1910,'Manuel Vizcaíno Fernández','Sergio González','www.cadizcf.com'),
(8,'Celta',28,'España',1923,'Carlos Mouriño','Rafa Benítez','www.celtavigo.net'),
(9,'Getafe',38,'España',1983,'Ángel Torres','José Bordalás','www.getafecf.com'),
(10,'Gerona',57,'España',1930,'Delfí Geli','Míchel Sánchez','www.gironafc.cat'),
(11,'Granada',24,'España',1931,'Jiang Lizhang','Paco López','www.granadacf.es'),
(12,'Las Palmas',37,'España',1949,'Miguel Ángel Ramírez Alonso','Xavi García Pimienta','www.udlaspalmas.es'),
(13,'Mallorca',31,'España',1916,'Andy Kohlberg','Javier Aguirre','www.rcdmallorca.es'),
(14,'Osasuna',39,'España',1920,'Luis Sabalza','Jagoba Arrasate','www.osasuna.es'),
(15,'Real Sociedad',49,'España',1909,'Jokin Aperribay','Imanol Alguacil','www.realsociedad.com'),
(16,'Rayo Vallecano',30,'España',1924,'Raúl Martín Presa','Francisco Rodríguez','www.rayovallecano.es'),
(17,'Real Madrid',65,'España',1902,'Florentino Pérez','Carlo Ancelotti','www.realmadrid.com'),
(18,'Sevilla',31,'España',1890,'José Castro','Diego Alonso','www.sevillafc.es'),
(19,'Valencia',41,'España',1919,'Layhoon Chan','Rubén Baraja','www.valenciacf.es'),
(20,'Villarreal',38,'España',1942,'Fernando Roig','Pacheta','www.villarrealcf.es');
/*!40000 ALTER TABLE `clubs` ENABLE KEYS */;
UNLOCK TABLES;

--
-- Table structure for table `jugadores`
--

DROP TABLE IF EXISTS `jugadores`;
/*!40101 SET @saved_cs_client     = @@character_set_client */;
/*!40101 SET character_set_client = utf8 */;
CREATE TABLE `jugadores` (
  `idEq` int(11) NOT NULL,
  `dorsal` int(11) NOT NULL,
  `nombre` varchar(40) DEFAULT NULL,
  `fnac` date DEFAULT NULL,
  `lnac` varchar(35) DEFAULT NULL,
  `nacionalidad` varchar(35) DEFAULT NULL,
  `estatura` int(11) DEFAULT NULL,
  `peso` int(11) DEFAULT NULL,
  PRIMARY KEY (`idEq`,`dorsal`),
  CONSTRAINT `jugadores_ibfk_1` FOREIGN KEY (`idEq`) REFERENCES `clubs` (`id`)
) ENGINE=InnoDB DEFAULT CHARSET=utf8mb4 COLLATE=utf8mb4_general_ci;
/*!40101 SET character_set_client = @saved_cs_client */;

--
-- Dumping data for table `jugadores`
--

LOCK TABLES `jugadores` WRITE;
/*!40000 ALTER TABLE `jugadores` DISABLE KEYS */;
INSERT INTO `jugadores` VALUES
(1,1,'Adrián Rodríguez','2000-12-12','Palma de Mallorca','España',195,82),
(1,2,'Antonio Sivera','1996-08-11','Jávea','España',184,75),
(1,3,'Asier Gago','2000-06-14',NULL,'España',NULL,NULL),
(1,4,'Gaizka García','2005-02-17',NULL,NULL,192,NULL),
(1,5,'Jesús Owono','2001-03-01','Bata','Guinea Ecuatorial',183,67),
(1,6,'Rúben Montero','2005-08-28','Albacete','España',NULL,NULL),
(1,7,'Abdel Abqar','1999-03-10','Settat','Marruecos',188,80),
(1,8,'Adrián Pérez','2003-03-04',NULL,NULL,NULL,NULL),
(1,9,'Aleksandar Sedlar','1991-12-13','Novi Sad','Serbia',178,79),
(1,10,'Anderson Arroyo','1999-09-27',NULL,'Colombia',176,NULL),
(1,11,'Andoni Gorosabel','1996-08-04','Arrasate','España',174,70),
(1,12,'Eneko Ortiz','2003-05-26',NULL,NULL,NULL,NULL),
(1,13,'Florian Lejeune','1991-05-20','Paris','Francia',189,89),
(1,14,'Imanol Baz','2001-01-27',NULL,NULL,NULL,NULL),
(1,15,'Javi López','2002-03-25','Santa Cruz de Tenerife','España',184,NULL),
(1,16,'Joseda Álvarez','2001-01-22',NULL,'España',183,NULL),
(1,17,'Nahuel Tenaglia','1996-02-21','Saladillo','Argentina',180,73),
(1,18,'Nikola Maras','1995-12-19','Belgrad','Serbia',189,79),
(1,19,'Rafa Marín','2002-05-19','Guadajoz','España',190,NULL),
(1,20,'Rubén Duarte','1995-10-18','Almería','España',180,75),
(1,21,'Víctor Laguardia','1989-11-05','Zaragoza','España',185,80),
(1,22,'Álex Sola','1999-06-09','San Sebastián','España',178,75),
(1,23,'Ander Guevara','1997-07-07','Vitoria','España',180,73),
(1,24,'Ander Sánchez','2004-01-24',NULL,NULL,NULL,NULL),
(1,25,'Antonio Blanco','2000-07-23','Montalbán','España',176,70),
(1,26,'Carlos Benavídez','1998-03-30',NULL,'Uruguay',185,76),
(1,27,'Ianis Hagi','1998-10-22','Istanbul','Turquía',182,72),
(1,28,'Jason','1994-07-06','La Coruña','España',178,65),
(1,29,'Jon Guridi','1995-02-28','Azpeitia','España',179,64),
(1,30,'José de León','2004-03-02',NULL,NULL,NULL,NULL),
(1,31,'Rober','2001-01-08','Mérida','España',173,62),
(1,32,'Selu Diallo','2003-10-01',NULL,NULL,187,NULL),
(1,33,'Tomás Mendes','2004-11-21',NULL,NULL,179,NULL),
(1,34,'Toni Moya','1998-03-20','Son Servera','España',180,78),
(1,35,'Álex Balboa','2001-03-06','Vitoria-Gasteiz','España',181,NULL),
(1,36,'Abde Rebbach','1998-08-11','Bilda','Argelia',176,NULL),
(1,37,'Asier Villalibre','1997-09-30','Gernika','España',184,86),
(1,38,'Giorgi Gagua','2001-10-10','Tbilisi','Georgia',193,NULL),
(1,39,'Giuliano Simeone','2002-12-18','Roma','Italia',180,75),
(1,40,'Joaquín Panichelli','2002-10-07',NULL,NULL,NULL,NULL),
(1,41,'Jon Karrikaburu','2002-09-19','Elizondo','España',183,NULL),
(1,42,'Kike García','1989-11-25','Cuenca','España',186,79),
(1,43,'Luis Rioja','1993-10-16','Sevilla','España',175,68),
(1,44,'Marc Tenas','2001-05-30',NULL,NULL,NULL,NULL),
(1,45,'Samu Omorodion','2004-05-05','Melilla','España',193,NULL),
(1,46,'Taichi Hara','1999-05-05','Hino','Japón',191,84),
(1,47,'Unai Ropero','2001-11-20','Vitoria-Gasteiz','España',187,72),
(1,48,'Xeber Alkain','1997-06-26','Hondarribia','España',174,69),
(2,1,'Bruno Iribarne','2004-08-18',NULL,NULL,191,NULL),
(2,2,'Diego Fuoli','1997-10-20','Zaragoza','España',188,74),
(2,3,'Diego Mariño','1990-05-09','Vigo','España',187,75),
(2,4,'Fernando Martínez','1990-06-10','Murcia','España',185,85),
(2,5,'Luís Maximiano','1999-01-05','Celeirós','Portugal',190,82),
(2,6,'Arnau Solà','2003-04-04',NULL,NULL,179,NULL),
(2,7,'Carlos Ballestero','2004-04-24',NULL,NULL,NULL,NULL),
(2,8,'Chumi','1999-03-02','Laracha','España',186,78),
(2,9,'César Montes','1997-02-24','Hermosillo','México',191,77),
(2,10,'Edgar González','1997-04-01','Sant Joan Despí','España',193,78),
(2,11,'Houboulang Mendes','1998-05-04',NULL,'Francia',184,73),
(2,12,'Iván Martos','1997-05-15','Manresa','España',182,68),
(2,13,'Kaiky','2004-01-12','Santos','Brasil',181,76),
(2,14,'Marc Pubill','2003-06-20','Terrassa','España',190,86),
(2,15,'Miguel Peñalver','2001-03-08',NULL,NULL,NULL,NULL),
(2,16,'Nikola Maras','1995-12-19','Belgrad','Serbia',189,79),
(2,17,'Paco Sanz','2004-11-15',NULL,'España',188,NULL),
(2,18,'Rodrigo Ely','1993-11-03','Lajeado RS','Brasil',188,83),
(2,19,'Sergio Akieme','1997-12-16','Madrid','España',175,70),
(2,20,'Álex Centelles','1999-08-30','Valencia','España',185,73),
(2,21,'Álex Pozo','1999-02-22','Huévar del Aljarafe','España',174,70),
(2,22,'Arnau Puigmal','2001-01-10','Barcelona','España',173,69),
(2,23,'Cristian Olivera','2002-04-17','Montevideo','Uruguay',175,77),
(2,24,'César de la Hoz','1992-03-30','Orejo','España',179,74),
(2,25,'Dion Lopy','2002-02-02',NULL,'Senegal',186,NULL),
(2,26,'Francisco Portillo','1990-06-13','Málaga','España',169,60),
(2,27,'Gonzalo Melero','1994-01-02','Madrid','España',183,77),
(2,28,'Iddrisu Baba','1996-01-22','Accra','Ghana',185,73),
(2,29,'Lucas Robertone','1997-03-18',NULL,'Argentina',175,70),
(2,30,'Marcos Peña','2005-01-22','Almería','España',154,42),
(2,31,'Martin Svidersky','2002-10-04',NULL,'Eslovaquia',184,NULL),
(2,32,'Samú Costa','2000-11-27','Aveiro','Portugal',183,75),
(2,33,'Sergio Arribas','2001-09-30','Madrid','España',173,64),
(2,34,'Adri Embarba','1992-05-07','Madrid','España',173,66),
(2,35,'Carlos Rojas','2002-04-18',NULL,'España',NULL,NULL),
(2,36,'Dyego Sousa','1989-09-14','São José de Ribamar','Brasil',190,87),
(2,37,'El Bilal Touré','2001-10-03','Adjamé','Côte d\'Ivoire',185,77),
(2,38,'Ibrahima Koné','1999-06-16',NULL,'Malí',190,75),
(2,39,'Jordi Escobar','2002-02-10','Sant Cebrià de Villalta','España',186,78),
(2,40,'Largie Ramazani','2001-02-27','Berchem-Sainte-Aganthe','Bélgica',167,55),
(2,41,'Luis Suárez','1997-12-02','Santa Marta','Colombia',185,74),
(2,42,'Lázaro','2002-03-12',NULL,'Brasil',180,67),
(2,43,'Léo Baptistão','1992-08-26','Santos','Brasil',185,72),
(2,44,'Marciano Sanca','2004-03-03',NULL,NULL,180,NULL),
(2,45,'Marezi','2003-08-04',NULL,'Serbia',196,85),
(3,1,'Ander Iruarrizaga','1998-08-22','Igorre','España',188,74),
(3,2,'Ibon Ispizua','2003-04-08',NULL,NULL,NULL,NULL),
(3,3,'Julen Agirrezabala','2000-12-26',NULL,'España',187,80),
(3,4,'Unai Simón','1997-06-11','Vitoria','España',190,88),
(3,5,'Álex Padilla','2003-09-01','Zarautz','España',NULL,NULL),
(3,6,'Aitor Paredes','2000-04-29',NULL,NULL,186,76),
(3,7,'Ander Capa','1992-02-08','Portugalete','España',175,75),
(3,8,'Beñat Prados','2001-02-08',NULL,'España',180,NULL),
(3,9,'Dani Vivian','1999-07-05','Vitoria','España',183,78),
(3,10,'Hugo Rincón','2003-01-27',NULL,'España',NULL,NULL),
(3,11,'Imanol García de Albéniz','2000-06-08','Gallarta','España',177,63),
(3,12,'Mikel Balenziaga','1988-02-29','Zumárraga','España',177,76),
(3,13,'Peru Nolaskoain','1998-10-25','Zumaia','España',186,81),
(3,14,'Unai Egiluz','2002-03-19',NULL,NULL,186,NULL),
(3,15,'Unai Núñez','1997-01-30','Portugalete','España',186,80),
(3,16,'Yeray Álvarez','1995-01-24','Barakaldo','España',182,78),
(3,17,'Yuri Berchiche','1990-02-10','Zarautz','España',181,79),
(3,18,'Álex Petxa','1997-02-06',NULL,NULL,179,67),
(3,19,'Íñigo Lekue','1993-05-04','Bilbao','España',180,70),
(3,20,'Íñigo Martínez','1991-05-17','Bilbao','España',182,76),
(3,21,'Óscar De Marcos','1989-04-14','Laguardia','España',182,77),
(3,22,'Ander Herrera','1989-08-14','Bilbao','España',182,71),
(3,23,'Dani García','1990-05-24','Zumárraga','España',180,81),
(3,24,'Junior Bita','2005-06-08','Adzopé','Côte d\'Ivoire',182,NULL),
(3,25,'Mikel Vesga','1993-04-08','Vitoria','España',191,83),
(3,26,'Oier Zarraga','1999-01-04','Getxo','España',175,76),
(3,27,'Oihan Sancet','2000-04-25','Pamplona','España',188,73),
(3,28,'Raúl García','1986-07-11','Pamplona','España',184,83),
(3,29,'Unai Gómez','2003-05-25',NULL,NULL,183,NULL),
(3,30,'Unai Vencedor','2000-11-15','Bilbao','España',176,71),
(3,31,'Íñigo Ruíz de Galarreta','1993-08-06','Eibar','España',175,69),
(3,32,'Alex Berenguer','1995-07-04','Pamplona','España',175,73),
(3,33,'Asier Villalibre','1997-09-30','Gernika','España',184,86),
(3,34,'Gorka Guruzeta','1996-09-12','San Sebastián','España',188,77),
(3,35,'Iker Muniain','1992-12-19','Pamplona','España',170,65),
(3,36,'Iñaki Williams','1994-06-15','Bilbao','España',186,81),
(3,37,'Luis Bilbao','2003-03-24',NULL,NULL,NULL,NULL),
(3,38,'Malcom Adu','2001-10-12','Bilbao','España',183,NULL),
(3,39,'Nico Serrano','2003-03-05','Pamplona',NULL,181,NULL),
(3,40,'Nico Williams','2002-07-12','Pamplona','España',181,67),
(4,1,'Alejandro Iturbe','2003-09-02','Madrid','España',186,NULL),
(4,2,'Antonio Gomis','2003-05-20','Elche','España',186,NULL),
(4,3,'Ivo Grbic','1996-01-18','Split','Croacia',195,83),
(4,4,'Jan Oblak','1993-01-07','Skojfa Loka','Eslovenia',188,87),
(4,5,'Sergio Mestre','2005-02-13',NULL,'España',193,NULL),
(4,6,'César Azpilicueta','1989-08-28','Pamplona','España',178,76),
(4,7,'Ilias Kostis','2003-02-27','Thessaloniki','Grecia',188,NULL),
(4,8,'Javi Galán','1994-11-19','Badajoz','España',172,70),
(4,9,'Javier Boñar','2005-06-03',NULL,'España',180,NULL),
(4,10,'José Giménez','1995-01-20','Toledo','Uruguay',185,77),
(4,11,'Marco Moreno','2001-02-20','Las Palmas de Gran Canaria','España',192,78),
(4,12,'Mario Hermoso','1995-06-18','Madrid','España',184,75),
(4,13,'Matt Doherty','1992-01-16',NULL,'Irlanda',185,80),
(4,14,'Nahuel Molina','1998-04-06','Embalse','Argentina',175,70),
(4,15,'Reinildo','1994-01-21','Beira','Mozambique',180,73),
(4,16,'Renan Lodi','1998-04-08','Serrana','Brasil',173,68),
(4,17,'Sergio Diez','2003-07-28','Madrid','España',178,NULL),
(4,18,'Sergio Reguilón','1996-12-16','Madrid','España',178,68),
(4,19,'Stefan Savic','1991-01-08','Mojkovac','Montenegro',187,81),
(4,20,'Çaglar Söyüncü','1996-05-23','Izmir','Turquía',185,82),
(4,21,'Aitor Gismera','2004-02-21',NULL,NULL,182,76),
(4,22,'Axel Witsel','1989-01-12','Liège','Bélgica',186,81),
(4,23,'Geoffrey Kondogbia','1993-02-15','Nemours','Francia',188,80),
(4,24,'Koke','1992-01-08','Madrid','España',176,77),
(4,25,'Marcos Llorente','1995-01-30','Madrid','España',184,74),
(4,26,'Pablo Barrios','2003-06-15',NULL,'España',181,75),
(4,27,'Rodrigo De Paul','1994-05-24','Sarandi, Buenos Aires','Argentina',180,70),
(4,28,'Rodrigo Riquelme','2000-04-02','Madrid','España',174,66),
(4,29,'Saúl Ñíguez','1994-11-21','Elche','España',184,76),
(4,30,'Sergio Guerrero','1999-04-10','Alameda','España',174,69),
(4,31,'Thomas Lemar','1995-11-12','Baie-Mahault','Guadeloupe',171,63),
(4,32,'Abde Raihani','2004-02-03','Barcelona','España',187,NULL),
(4,33,'Adrián Niño','2004-06-19',NULL,'España',175,NULL),
(4,34,'Antoine Griezmann','1991-03-21','Mâcon','Francia',176,73),
(4,35,'Cala','2000-06-22','Barcelona','España',175,NULL),
(4,36,'Carlos Martín','2002-04-22','Madrid','España',NULL,NULL),
(4,37,'Diego Bri','2002-09-12',NULL,'España',NULL,NULL),
(4,38,'Matheus Cunha','1999-05-27','João Pessoa','Brasil',184,76),
(4,39,'Memphis Depay','1994-02-13','Moordrecht','Países Bajos',178,78),
(4,40,'Salim El Jebari','2004-02-05',NULL,'España',178,NULL),
(4,41,'Samuel Lino','1999-12-23','Santo André','Brasil',170,69),
(4,42,'Víctor Mollejo','2001-01-21','Alcázar de San Juan','España',176,63),
(4,43,'Álvaro Morata','1992-10-23','Madrid','España',190,84),
(4,44,'Ángel Correa','1995-03-09','Rosario','Argentina',171,68),
(5,1,'Ander Astralaga','2004-03-03',NULL,'España',190,77),
(5,2,'Arnau Tenas','2001-05-30','Vic','España',185,85),
(5,3,'Diego Kochen','2006-03-19',NULL,'Estados Unidos de América',188,NULL),
(5,4,'Iñaki Peña','1999-03-02','Alicante','España',184,78),
(5,5,'Marc-André ter Stegen','1992-04-30','Mönchengladbach','Alemania',187,85),
(5,6,'Alejandro Balde','2003-10-18','Barcelona','España',175,69),
(5,7,'Andreas Christensen','1996-04-10','Lillerod','Dinamarca',187,82),
(5,8,'Chadi Riad','2003-06-17',NULL,NULL,186,NULL),
(5,9,'Hector Fort','2006-08-02',NULL,'España',174,NULL),
(5,10,'Jordi Alba','1989-03-21','Hospitalet de Llobregat','España',170,68),
(5,11,'João Cancelo','1994-05-27','Barreiro','Portugal',182,74),
(5,12,'Jules Koundé','1998-11-12','Paris','Francia',180,75),
(5,13,'Julián Araujo','2001-08-13','Lompoc','Estados Unidos de América',175,70),
(5,14,'Marcos Alonso','1990-12-28','Madrid','España',188,84),
(5,15,'Mikayil Faye','2004-07-14',NULL,'Senegal',186,NULL),
(5,16,'Pau Cubarsí','2007-01-22',NULL,NULL,182,NULL),
(5,17,'Ronald Araujo','1999-03-07','Rivera','Uruguay',188,79),
(5,18,'Sergi Roberto','1992-02-07','Reus','España',178,68),
(5,19,'Íñigo Martínez','1991-05-17','Bilbao','España',182,76),
(5,20,'Aleix Garrido','2004-02-22','Ripoll','España',170,63),
(5,21,'Fermín López','2003-05-11',NULL,'España',174,64),
(5,22,'Franck Kessié','1996-12-19','Ouragahio','Côte d\'Ivoire',183,74),
(5,23,'Frenkie de Jong','1997-05-12','Arkel','Países Bajos',181,74),
(5,24,'Gavi','2004-08-05','Los Palacios y Villafranca','España',173,70),
(5,25,'Ilkay Gündogan','1990-10-24','Gelsenkirchen','Alemania',180,80),
(5,26,'Marc Casadó','2003-09-14',NULL,NULL,172,66),
(5,27,'Nico González','2002-01-03',NULL,NULL,188,85),
(5,28,'Oriol Romeu','1991-09-24','Ulldecona','España',183,83),
(5,29,'Pablo Torre','2003-04-03',NULL,NULL,173,63),
(5,30,'Pau Prim','2006-02-22',NULL,'España',NULL,NULL),
(5,31,'Pedri','2002-11-25','Tenerife','España',174,60),
(5,32,'Sergio Busquets','1988-07-16','Sabadell','España',189,76),
(5,33,'Unai Hernández','2004-12-14',NULL,'España',171,65),
(5,34,'Álex Collado','1999-04-22','Sabadell','España',177,66),
(5,35,'Ángel Alarcón','2004-05-15',NULL,NULL,175,NULL),
(5,36,'Dani Rodríguez','2005-08-09',NULL,'España',NULL,NULL),
(5,37,'Estanis Pedrola','2003-08-24',NULL,'España',185,NULL),
(5,38,'Ferran Torres','2000-02-29','Foios','España',184,77),
(5,39,'Ilias Akhomach','2004-04-16','Hostalets de Pierola','España',175,NULL),
(5,40,'João Félix','1999-11-10','Viseu','Portugal',181,70),
(5,41,'Lamine Yamal','2007-07-13',NULL,NULL,180,NULL),
(5,42,'Marc Guiu','2006-01-04',NULL,'España',187,NULL),
(5,43,'Pau Victor','2001-11-26','San Cugat del Vallés','España',184,77),
(5,44,'Raphinha','1996-12-14',NULL,'Brasil',176,68),
(5,45,'Robert Lewandowski','1988-08-21','Warszawa','Polonia',185,81),
(5,46,'Trincão','1999-12-29','Viana do Castelo','Portugal',183,77),
(6,1,'Claudio Bravo','1983-04-13','Buin','Chile',184,80),
(6,2,'Dani Martín','1998-07-08','Gijón','España',187,76),
(6,3,'Fran Vieites','1999-05-07','Pontecesures','España',196,88),
(6,4,'Germán García','2004-02-01',NULL,'España',NULL,NULL),
(6,5,'Guilherme Fernandes','2001-03-28',NULL,'Portugal',191,88),
(6,6,'Rui Silva','1994-02-07','Águas Santas','Portugal',191,91),
(6,7,'Abner','2000-05-27',NULL,NULL,182,75),
(6,8,'Aitor Ruibal','1996-03-22','Manresa','España',176,74),
(6,9,'Chadi Riad','2003-06-17',NULL,NULL,186,NULL),
(6,10,'Edgar González','1997-04-01','Sant Joan Despí','España',193,78),
(6,11,'Fran Delgado','2001-07-11',NULL,'España',177,62),
(6,12,'Félix Garreta','2004-04-21',NULL,NULL,NULL,NULL),
(6,13,'Germán Pezzella','1991-06-27','Bahia Blanca','Argentina',187,82),
(6,14,'Héctor Bellerín','1995-03-19','Badalona','España',178,74),
(6,15,'Juan Miranda','2000-01-19','Olivares','España',185,76),
(6,16,'Marc Bartra','1991-01-15','Sant Jaume dels Domenys','España',184,70),
(6,17,'Martín Montoya','1991-04-14','Viladecans','España',175,73),
(6,18,'Ricardo Visus','2001-04-24',NULL,'España',192,NULL),
(6,19,'Sokratis Papastathopoulos','1988-06-09','Kalamata','Grecia',186,85),
(6,20,'Víctor Ruiz','1989-01-25','Esplugues de Llobregat','España',184,95),
(6,21,'Youssouf Sabaly','1993-03-05','Chesnay','Francia',174,67),
(6,22,'Andrés Guardado','1986-09-28','Guadalajara','México',169,60),
(6,23,'Dani Pérez','2005-07-26','Sevilla','España',173,64),
(6,24,'Enrique Fernández','2003-09-16','Trebujena','España',177,NULL),
(6,25,'Ginés Sorroche','2004-03-24','Lorca','España',NULL,NULL),
(6,26,'Guido Rodríguez','1994-04-12','Sáenz Peña','Argentina',185,80),
(6,27,'Isco','1992-04-21','Benalmádena','España',176,79),
(6,28,'Joaquín','1981-07-21','Cádiz','España',179,75),
(6,29,'José Lara','2000-03-07','Sevilla','España',161,60),
(6,30,'Juan Cruz','2000-04-25','Quilmes','Argentina',177,72),
(6,31,'Marc Roca','1996-11-26','Vilafranca del Penedés','España',184,77),
(6,32,'Mawuli Mensah','2003-11-15','Accra','Ghana',NULL,NULL),
(6,33,'Rodri','2000-05-16','Talayuela','España',168,62),
(6,34,'Sergi Altimira','2001-08-25',NULL,'España',188,80),
(6,35,'Sergio Canales','1991-02-16','Santander','España',176,65),
(6,36,'William Carvalho','1992-04-07','Luanda','Angola',187,83),
(6,37,'Abde Ezzalzouli','2001-12-17','Beni Melal','Marruecos',177,72),
(6,38,'Assane Diao','2005-09-07','Ndongane','Senegal',185,80),
(6,39,'Ayoze Pérez','1993-07-29',NULL,'España',178,72),
(6,40,'Borja Iglesias','1993-01-17','Santiago de Compostela','España',187,86),
(6,41,'Loren Morón','1993-12-30','Marbella','España',188,66),
(6,42,'Luiz Henrique','2001-01-02',NULL,'Brasil',181,77),
(6,43,'Nabil Fekir','1993-07-18','Lyon','Francia',173,72),
(6,44,'Raúl García','2000-11-03','Olesa de Montserrat','España',192,70),
(6,45,'Rober','2001-01-08','Mérida','España',173,62),
(6,46,'Willian José','1991-11-23','Porto Calvo','Brasil',189,93),
(6,47,'Álex Collado','1999-04-22','Sabadell','España',177,66),
(7,1,'Conan Ledesma','1993-02-13','Pergamino','Argentina',187,70),
(7,2,'David Gil','1994-01-11','Getafe','España',186,81),
(7,3,'Nando Almodóvar','2003-11-03','Jerez de la Frontera','España',192,NULL),
(7,4,'Victor Aznar','2002-10-17','Sao Paulo','Brasil',189,NULL),
(7,5,'Adri Miranda','2003-04-26',NULL,NULL,NULL,NULL),
(7,6,'Adrián Salguero','2003-05-20',NULL,NULL,NULL,NULL),
(7,7,'Alfonso Espino','1992-01-05','San Jacinto','Uruguay',172,71),
(7,8,'Carlos García','2000-07-07',NULL,NULL,188,75),
(7,9,'Fali','1993-08-12','Valencia','España',186,84),
(7,10,'Genar Fornés','2000-01-17','Barcelona','España',NULL,NULL),
(7,11,'Iza Carcelén','1993-04-23','El Puerto de Santa María','España',170,69),
(7,12,'Javi Hernández','1998-05-02','Jerez de la Frontera','España',185,72),
(7,13,'Jorge Meré','1997-04-17','Oviedo','España',182,77),
(7,14,'Joseba Zaldúa','1992-06-24','San Sebastián','España',176,70),
(7,15,'Juan Cala','1989-11-26','Lebrija','España',185,78),
(7,16,'Julio Cabrera','2003-08-14',NULL,NULL,NULL,NULL),
(7,17,'Lucas Pires','2001-03-24',NULL,NULL,175,71),
(7,18,'Luis Hernández','1989-04-14','Madrid','España',183,75),
(7,19,'Momo Mbaye','1998-06-28','Saint-Louis','Senegal',192,NULL),
(7,20,'Raúl Parra','1999-11-26','Zaragoza','España',187,82),
(7,21,'Santiago Arzamendia','1998-05-05',NULL,'Argentina',172,72),
(7,22,'Victor Chust','2000-03-05','Valencia','España',182,77),
(7,23,'Álex Morata','2006-07-06',NULL,'España',NULL,NULL),
(7,24,'Aristide Njalla','2003-04-13',NULL,'Camerún',174,NULL),
(7,25,'Fede San Emeterio','1997-03-16','Sierra de Ibio','España',174,68),
(7,26,'Francisco Mwepu','2000-02-29',NULL,'Zambia',178,70),
(7,27,'Gonzalo Escalante','1993-03-27','Bella Vista','Argentina',182,76),
(7,28,'Iván Alejo','1995-02-10','Valladolid','España',184,73),
(7,29,'José Mari Martín','1987-12-06','Rota','España',180,69),
(7,30,'Martín Calderón','1999-03-01','Jerez de la Frontera','España',183,77),
(7,31,'Robert Navarro','2002-04-12','Barcelona','España',178,69),
(7,32,'Rominigue Kouamé','1996-12-17',NULL,'Côte d\'Ivoire',177,68),
(7,33,'Rubén Alcaraz','1991-05-01','Barcelona','España',183,81),
(7,34,'Álex Fernández','1992-10-15','Alcalá de Henares','España',182,72),
(7,35,'Álvaro Jiménez','1995-05-19','Córdoba','España',175,71),
(7,36,'Anthony Lozano','1993-04-25','Yoro','Honduras',185,74),
(7,37,'Brian Ocampo','1999-06-25',NULL,'Uruguay',173,70),
(7,38,'Chris Ramos','1997-01-16','Cádiz','España',193,80),
(7,39,'Darwin Machís','1993-02-07','Tucupita','Venezuela',170,68),
(7,40,'Mamady Diarra','2000-06-26','Bamako','Malí',180,NULL),
(7,41,'Maxi Gómez','1996-08-14','Paysandú','Uruguay',186,91),
(7,42,'Roger Martí','1991-01-03','Torrent','España',179,74),
(7,43,'Rubén Sobrino','1992-06-01','Daimiel','España',185,73),
(7,44,'Sergi Guardiola','1991-05-29','Manacor','España',184,78),
(7,45,'Théo Bongonda','1995-11-20','Charleroi','Bélgica',177,73),
(7,46,'Álvaro Negredo','1985-08-20','Madrid','España',186,71),
(8,1,'Agustín Marchesín','1988-03-16','San Cayetano','Argentina',188,82),
(8,2,'Christian Sánchez','1999-07-09','La Habana','Cuba',193,88),
(8,3,'Coke Carrillo','2002-01-07',NULL,NULL,188,76),
(8,4,'Iván Villar','1997-07-09','Aldán','España',183,76),
(8,5,'Rubén Blanco','1995-07-25','Mos','España',188,70),
(8,6,'Vicente Guaita','1987-01-10','Valencia','España',190,81),
(8,7,'Carl Starfelt','1995-06-01','Stockholm','Suecia',185,83),
(8,8,'Carlos Domínguez','2001-02-11',NULL,'España',187,81),
(8,9,'Fernando Medrano','2000-03-26','Madrid','España',NULL,NULL),
(8,10,'Hugo Mallo','1991-06-22','Marín','España',173,69),
(8,11,'Javi Galán','1994-11-19','Badajoz','España',172,70),
(8,12,'Javier Domínguez','2001-03-26',NULL,'España',195,83),
(8,13,'Javier Rodríguez','2003-06-26',NULL,NULL,NULL,NULL),
(8,14,'Joseph Aidoo','1995-09-29','Tema','Ghana',184,80),
(8,15,'Kevin Vázquez','1993-03-23','Nigrán','España',173,72),
(8,16,'Manu Sánchez','2000-08-24','Madrid','España',179,70),
(8,17,'Martín Conde','2003-03-25','Ourense','España',NULL,NULL),
(8,18,'Mihailo Ristic','1995-10-31','Bijeljina','Bosnia y Herzegovina',180,75),
(8,19,'Sergio Barcia','2000-12-31','Vigo','España',186,82),
(8,20,'Unai Núñez','1997-01-30','Portugalete','España',186,80),
(8,21,'Óscar Mingueza','1999-05-13','Santa Perpetua de Moguda','España',184,75),
(8,22,'Augusto Solari','1992-01-03','Rosario','Argentina',180,80),
(8,23,'Carlos Dotor','2001-03-15',NULL,'España',180,68),
(8,24,'Fran Beltrán','1999-02-03','Madrid','España',170,66),
(8,25,'Franco Cervi','1994-05-26','San Lorenzo','Argentina',165,67),
(8,26,'Hugo Sotelo','2003-12-19',NULL,NULL,180,NULL),
(8,27,'Hugo Álvarez','2003-07-02','Ourense','España',176,NULL),
(8,28,'Luca de la Torre','1998-05-23','San Diego','Estados Unidos de América',178,63),
(8,29,'Orbelín Pineda','1996-03-24','Coyuca de Catalán','México',169,63),
(8,30,'Renato Tapia','1995-07-28','Lima','Perú',185,78),
(8,31,'Williot Swedberg','2004-02-01','Stockholm','Suecia',185,78),
(8,32,'Óscar Rodríguez','1998-06-28','Talavera de la Reina','España',174,67),
(8,33,'Carles Pérez','1998-02-16','Granollers','España',173,75),
(8,34,'Fran López','2002-01-24',NULL,'España',NULL,NULL),
(8,35,'Haris Seferovic','1992-02-22','Sursee','Suiza',186,85),
(8,36,'Iago Aspas','1987-08-01','Moaña','España',176,67),
(8,37,'Jonathan Bamba','1996-03-26','Alfortville','Francia',175,72),
(8,38,'Jørgen Strand Larsen','2000-02-06',NULL,NULL,193,79),
(8,39,'Miguel Rodríguez','2003-04-29',NULL,'España',179,73),
(8,40,'Pablo Durán','2001-05-25','Tomiño','España',176,NULL),
(8,41,'Santi Mina','1995-12-07','Vigo','España',185,79),
(8,42,'Tasos Douvikas','1999-08-02','Tripoli','Grecia',184,76),
(9,1,'Daniel Fuzato','1997-07-04','Santa Bárbara d’Oeste','Brasil',190,88),
(9,2,'David Soria','1993-04-04','Madrid','España',192,85),
(9,3,'Diego Conde','1998-10-28','Madrid','España',188,78),
(9,4,'Jorge Benito','2006-06-06',NULL,NULL,NULL,NULL),
(9,5,'Kiko Casilla','1986-10-02','Tarragona','España',190,86),
(9,6,'Vicente Bellmunt Garcia','2000-01-28',NULL,NULL,NULL,NULL),
(9,7,'Damián Suárez','1988-04-27','Montevideo','Uruguay',172,61),
(9,8,'Diego Rico','1993-02-23','Burgos','España',180,78),
(9,9,'Djené Dakonam','1991-12-31','Dapaong','Togo',187,72),
(9,10,'Domingos Duarte','1995-03-10','Cascais','Portugal',192,80),
(9,11,'Erick Cabaco','1995-04-19','Montevideo','Uruguay',185,79),
(9,12,'Fabrizio Angileri','1994-03-15','Junín','Argentina',179,73),
(9,13,'Gastón Álvarez','2000-03-24',NULL,'Uruguay',184,72),
(9,14,'Gorka Rivera','2004-08-01','Leganés','España',184,NULL),
(9,15,'Jonathan Silva','1994-06-29','La Plata','Argentina',178,72),
(9,16,'Jordan Amavi','1994-03-09','Toulon','Francia',176,70),
(9,17,'José Ángel Carmona','2002-01-29','El Viso del Alcor','España',183,NULL),
(9,18,'Juan Iglesias','1998-07-03','Valladolid','España',185,79),
(9,19,'Koffi','2001-11-20',NULL,NULL,NULL,NULL),
(9,20,'Nabil Aberdin','2002-08-23',NULL,'Francia',NULL,NULL),
(9,21,'Omar Alderete','1996-12-26','Asunción','Paraguay',188,77),
(9,22,'Pablo Ramírez','2003-03-18',NULL,NULL,NULL,NULL),
(9,23,'Stefan Mitrovic','1990-05-22','Beograd','Serbia',189,84),
(9,24,'Álex Revuelta','2000-04-16','Jerez de la Frontera','España',NULL,NULL),
(9,25,'Álex Rodríguez','2002-03-21',NULL,NULL,178,NULL),
(9,26,'Carles Aleñá','1998-01-05','Mataró','España',180,73),
(9,27,'Facundo Esnáider','2001-11-09','Porto','Portugal',184,NULL),
(9,28,'Gonzalo Villar','1998-03-23','Murcia','España',181,73),
(9,29,'Jaime Seoane','1997-01-22','Madrid','España',175,73),
(9,30,'Jakub Jankto','1996-01-19','Praha','Chequia',184,74),
(9,31,'John Patrick','2003-09-24','Madrid','España',192,NULL),
(9,32,'Jorge Martín','2001-01-05',NULL,'España',176,62),
(9,33,'Luis Milla','1994-10-07','Madrid','España',175,67),
(9,34,'Mauro Arambarri','1995-09-30','Tropezón','Uruguay',175,74),
(9,35,'Moi Parra','2002-06-24','Huelva','España',NULL,NULL),
(9,36,'Nemanja Maksimovic','1995-01-26','Banja Koviljaca','Serbia',189,69),
(9,37,'Sabit Abdulai','1999-05-11',NULL,NULL,NULL,NULL),
(9,38,'Santiago García','2001-08-29',NULL,NULL,184,NULL),
(9,39,'Ángel Algobia','1999-06-23','Velilla de San Antonio','España',180,78),
(9,40,'Óscar Rodríguez','1998-06-28','Talavera de la Reina','España',174,67),
(9,41,'Anthony Lozano','1993-04-25','Yoro','Honduras',185,74),
(9,42,'Borja Mayoral','1997-04-05','Parla','España',182,74),
(9,43,'Darío Poveda','1997-03-13','Alicante','España',185,75),
(9,44,'Enes Ünal','1997-05-10','Bursa','Turquía',187,78),
(9,45,'Jack Harper','1996-02-28','Malaga','España',187,78),
(9,46,'Jaime Mata','1988-10-24','Madrid','España',185,79),
(9,47,'Juanmi Latasa','2001-03-23',NULL,'España',192,86),
(9,48,'Mason Greenwood','2001-10-01','Bradford','Inglaterra',181,70),
(9,49,'Munir El Haddadi','1995-09-01','Madrid','España',175,69),
(10,1,'Juan Carlos','1988-01-20','Guadalajara','España',186,85),
(10,2,'Lluc Matas','2002-01-01',NULL,NULL,NULL,NULL),
(10,3,'Paulo Gazzaniga','1992-01-02','Santa Fé',NULL,196,90),
(10,4,'Toni Fuidias','2001-04-15','Berga','España',195,87),
(10,5,'Antal Yaakobishvili','2004-07-12',NULL,'Hungría',193,NULL),
(10,6,'Arnau Martínez','2003-04-25',NULL,NULL,181,72),
(10,7,'Bernardo Espinosa','1989-07-11','Cali','Colombia',192,85),
(10,8,'Biel Farrés','2002-05-01','Vic','España',NULL,NULL),
(10,9,'Daley Blind','1990-03-09','Amsterdam','Países Bajos',180,72),
(10,10,'David López','1989-10-09','Barcelona','España',183,81),
(10,11,'Eric García','2001-01-09','Martorell','España',182,76),
(10,12,'Javi Hernández','1998-05-02','Jerez de la Frontera','España',185,72),
(10,13,'Juanpe','1991-04-30','Las Palmas de Gran Canaria','España',190,80),
(10,14,'Miguel Gutiérrez','2001-07-27','Madrid','España',180,73),
(10,15,'Valery Fernández','1999-11-23','L\'Escala','España',182,75),
(10,16,'Yan Couto','2002-06-03',NULL,NULL,168,60),
(10,17,'Aleix García','1997-06-28','Ulldecona','España',173,68),
(10,18,'Alex Sala','2001-04-09',NULL,NULL,NULL,NULL),
(10,19,'Borja García','1990-11-02','Torremocha del Jarama','España',175,72),
(10,20,'Ibrahima Kébé','2000-08-02',NULL,NULL,180,78),
(10,21,'Iván Martín','1999-02-14','Bilbao','España',178,NULL),
(10,22,'Jhon Solís','2004-10-03',NULL,'Colombia',189,80),
(10,23,'Joel Roca','2005-06-07',NULL,'España',NULL,NULL),
(10,24,'Oriol Romeu','1991-09-24','Ulldecona','España',183,83),
(10,25,'Oscar Ureña','2003-05-31',NULL,NULL,NULL,NULL),
(10,26,'Pablo Torre','2003-04-03',NULL,NULL,173,63),
(10,27,'Pau Victor','2001-11-26','San Cugat del Vallés','España',184,77),
(10,28,'Reinier','2002-01-19','Brasilia','Brasil',185,78),
(10,29,'Ricard Artero','2003-02-05','La Bisbal d\'Empordà','España',NULL,NULL),
(10,30,'Rodrigo Riquelme','2000-04-02','Madrid','España',174,66),
(10,31,'Silvi Clua','2005-01-29',NULL,NULL,189,NULL),
(10,32,'Toni Villa','1995-01-07','Lorquí','España',172,63),
(10,33,'Yangel Herrera','1998-01-07','La Guaira','Venezuela',184,78),
(10,34,'Artem Dovbyk','1997-06-21','Cherkasy','Ucrania',184,76),
(10,35,'Cristhian Stuani','1986-10-12','Tala','Uruguay',186,76),
(10,36,'Dawda Camara','2002-11-04','Banyoles','España',NULL,NULL),
(10,37,'Iker Almena','2004-05-04',NULL,NULL,177,NULL),
(10,38,'Jastin García','2004-01-15',NULL,NULL,180,NULL),
(10,39,'Portu','1992-05-21','Murcia','España',167,66),
(10,40,'Sávio','2004-04-10',NULL,'Brasil',179,66),
(10,41,'Valentín Castellanos','1998-10-03','Mendoza','Argentina',178,70),
(10,42,'Viktor Tsygankov','1997-11-15',NULL,NULL,178,73),
(11,1,'Adri López','1999-01-09',NULL,'España',188,71),
(11,2,'André Ferreira','1996-05-29','Vila Nova de Gaia','Portugal',193,79),
(11,3,'Pol Tristan','2002-03-18',NULL,NULL,NULL,NULL),
(11,4,'Rafael Romero','2003-08-07',NULL,NULL,NULL,NULL),
(11,5,'Raúl Fernández','1988-03-13','Bilbao','España',195,92),
(11,6,'Ángel Jiménez','2002-06-22','Granada','España',NULL,NULL),
(11,7,'Carlos Neva','1996-06-12','El Puerto de Santamaría','España',174,64),
(11,8,'Erick Cabaco','1995-04-19','Montevideo','Uruguay',185,79),
(11,9,'Eu Gutierrez','2001-08-27',NULL,NULL,NULL,NULL),
(11,10,'Ignasi Miquel','1992-09-28','Corbera de Llobregat','España',188,82),
(11,11,'Jesús Vallejo','1997-01-05','Zaragoza','España',184,79),
(11,12,'Jonathan Silva','1994-06-29','La Plata','Argentina',178,72),
(11,13,'Miguel Rubio','1998-03-11','Leganes','España',191,86),
(11,14,'Miki Bosch','2001-06-09',NULL,'España',190,78),
(11,15,'Pepe Sánchez','2000-03-02','Linares','España',185,63),
(11,16,'Quini','1989-09-24','Córdoba','España',178,74),
(11,17,'Raúl Castro','2001-02-01',NULL,NULL,177,63),
(11,18,'Raúl Torrente','2001-03-01',NULL,'España',193,79),
(11,19,'Ricard Sánchez','2000-02-22','Sant Jaume dels Domenys','España',175,67),
(11,20,'Víctor Díaz','1988-06-12','Sevilla','España',184,71),
(11,21,'Wilson Manafá','1994-07-23','Oliveira do Bairro','Portugal',177,69),
(11,22,'Álvaro Carreras','2003-03-23','Ferrol','España',186,NULL),
(11,23,'Antonio Puertas','1992-02-21','Benadahux','España',183,77),
(11,24,'Bryan Zaragoza','2001-09-09','Málaga','España',164,61),
(11,25,'Gerard Gumbau','1994-12-18','Campllong','España',187,77),
(11,26,'Gonzalo Villar','1998-03-23','Murcia','España',181,73),
(11,27,'Ismael Ruiz','2001-02-14','Gójar','España',180,67),
(11,28,'Mario González','2004-02-05',NULL,NULL,174,NULL),
(11,29,'Mario da Costa','2001-05-14',NULL,NULL,NULL,NULL),
(11,30,'Martín Solar','2000-01-30','Santander','España',NULL,NULL),
(11,31,'Njegos Petrovic','1999-07-18','Krupanj','Serbia',185,72),
(11,32,'Pol Lozano','1999-10-06','Sant Quirze del Vallès','España',177,62),
(11,33,'Rubén Rochina','1991-03-23','Sagunto','España',182,76),
(11,34,'Sergio Ruiz','1994-12-16','El Astillero','España',171,70),
(11,35,'Youness Lachhab','1999-04-23',NULL,'España',192,86),
(11,36,'Óscar Melendo','1997-08-23','Barcelona','España',167,63),
(11,37,'Adrián Butzke','1999-03-30','Monachil','España',193,72),
(11,38,'Alberto Perea','1990-12-19','Albacete','España',177,74),
(11,39,'Famara Diédhiou','1992-12-15',NULL,'Senegal',192,80),
(11,40,'Jorge Molina','1982-04-22','Alcoy','España',188,72),
(11,41,'José Callejón','1987-02-11','Granada','España',178,73),
(11,42,'Lucas Boyé','1996-02-28','San Gregorio','Argentina',179,81),
(11,43,'Myrto Uzuni','1995-05-31',NULL,NULL,178,72),
(11,44,'Samu Omorodion','2004-05-05','Melilla','España',193,NULL),
(11,45,'Shon Weissman','1996-02-14','Kiryat Bialik','Israel',174,72),
(11,46,'Christian Cugnata','2005-01-13',NULL,NULL,NULL,NULL),
(12,1,'Aarón Escandell','1995-09-27','Carcagente','España',185,71),
(12,2,'Alex González','2002-08-08','Santa Cruz de Tenerife','España',NULL,NULL),
(12,3,'Javier Cendón','2001-06-02',NULL,NULL,NULL,NULL),
(12,4,'Moha Ramos','2000-04-13','Santa Cruz de Tenerife','España',188,88),
(12,5,'Álex Domínguez','1998-07-30','Granollers','España',187,80),
(12,6,'Álvaro Killane','2004-12-14',NULL,'España',186,NULL),
(12,7,'Álvaro Vallés','1997-07-25','La Rinconada','España',190,78),
(12,8,'Ale Palanca','2003-01-26',NULL,NULL,NULL,NULL),
(12,9,'Cristian Abreu','2000-11-20',NULL,NULL,NULL,NULL),
(12,10,'Daley Sinkgraven','1995-07-04','Assen','Países Bajos',179,67),
(12,11,'Enrique Clemente','1999-03-04','Zaragoza','España',180,79),
(12,12,'Eric Curbelo','1994-01-14','Teide','España',173,69),
(12,13,'Gabriel Palmero','2002-01-15',NULL,NULL,NULL,NULL),
(12,14,'Juan Herzog','2004-05-13',NULL,NULL,186,NULL),
(12,15,'Julián Araujo','2001-08-13','Lompoc','Estados Unidos de América',175,70),
(12,16,'Marvin Park','2000-07-03',NULL,'España',177,67),
(12,17,'Mika Mármol','2001-07-01',NULL,NULL,181,70),
(12,18,'Saliou Mandiang','2003-04-13',NULL,'España',NULL,NULL),
(12,19,'Saúl Coco','1999-02-09','Lanzarote','España',188,76),
(12,20,'Sergi Cardona','1999-07-08',NULL,'España',185,77),
(12,21,'Sidnei','1989-08-23','Alegrete','Brasil',185,80),
(12,22,'Álex Suárez','1993-03-18','Las Palmas de Gran Canaria','España',178,72),
(12,23,'Álvaro Lemos','1993-03-30','A Coruña','España',175,77),
(12,24,'Álvaro Santana','2002-02-24',NULL,'España',NULL,NULL),
(12,25,'Alberto Moleiro','2003-09-30','Santa Cruz de Tenerife','España',172,67),
(12,26,'Ale García','2003-03-19','Las Palmas','España',179,NULL),
(12,27,'Benito Ramírez','1995-07-11','Las Palmas de Gran Canaria','España',180,70),
(12,28,'Enzo Loiodice','2000-11-27',NULL,'Francia',176,60),
(12,29,'Fabio González','1997-02-12','Ingenio','España',176,72),
(12,30,'Iñaki González','2004-07-27',NULL,NULL,179,NULL),
(12,31,'Javi Muñoz','1995-02-28','Parla','España',175,69),
(12,32,'Joaquín','2000-10-14',NULL,'España',NULL,NULL),
(12,33,'Jonathan Viera','1989-10-21','Las Palmas de Gran Canaria','España',171,66),
(12,34,'Kirian Rodríguez','1996-03-05','Santa Cruz de Tenerife','España',180,75),
(12,35,'Máximo Perrone','2003-01-07',NULL,'Argentina',177,68),
(12,36,'Omenuke Mfulu','1994-03-20','Brazzaville','República Democrática del Congo',182,76),
(12,37,'Pejiño','1996-07-29','Barbate','España',177,67),
(12,38,'Vitolo','1989-11-02','Las Palmas de Gran Canaria','España',185,80),
(12,39,'Wilfrid Kaptoum','1996-07-07','Douala','Camerún',174,72),
(12,40,'Yadam','2002-03-14',NULL,'España',NULL,NULL),
(12,41,'Álvaro Jiménez','1995-05-19','Córdoba','España',175,71),
(12,42,'Óscar Clemente','1999-03-26','Adeje','España',175,NULL),
(12,43,'Cristian Herrera','1991-03-13','Las Palmas de Gran Canaria','España',181,76),
(12,44,'Florin Andone','1993-04-11','Botosani','Rumania',180,78),
(12,45,'Iñaki Elejalde','1999-01-20','Madrid','España',NULL,NULL),
(12,46,'Joel Del Pino','1997-11-22',NULL,NULL,NULL,NULL),
(12,47,'Loren Morón','1993-12-30','Marbella','España',188,66),
(12,48,'Marc Cardona','1995-07-08','Lérida','España',183,70),
(12,49,'Munir El Haddadi','1995-09-01','Madrid','España',175,69),
(12,50,'Pau','2003-10-17',NULL,NULL,NULL,NULL),
(12,51,'Sandro Ramírez','1995-07-09','Las Palmas de Gran Canaria','España',175,71),
(12,52,'Sory Kaba','1995-07-28','Conakry','Guinea',191,80),
(12,53,'Óscar Pinchi','1996-01-17','A Coruña','España',171,62),
(13,1,'Dominik Greif','1997-04-06',NULL,'Eslovaquia',197,82),
(13,2,'Iván Cuéllar','1984-05-27','Mérida','España',187,76),
(13,3,'Leo Román','2000-07-06','Ibiza','España',189,83),
(13,4,'Predrag Rajkovic','1995-10-31','Negotin','Serbia',191,86),
(13,5,'Antonio Raíllo','1991-10-08','Córdoba','España',187,80),
(13,6,'Benjamín Garay','2000-04-19','Rosario','Argentina',181,72),
(13,7,'Copete','1999-10-10','Écija','España',192,73),
(13,8,'David López','2003-02-03',NULL,NULL,NULL,195),
(13,9,'Dennis Hadzikadunic','1998-07-09','Malmö','Suecia',191,81),
(13,10,'Giovanni González','1994-09-20','Montevideo','Uruguay',173,73),
(13,11,'Jaume Costa','1988-03-18','Valencia','España',171,62),
(13,12,'Ludwig Augustinsson','1994-04-21','Stockholm','Suecia',181,74),
(13,13,'Marcos Fernández','2003-07-17',NULL,'España',NULL,NULL),
(13,14,'Martin Valjent','1995-12-11','Dubnica nad Vahom','Eslovaquia',187,70),
(13,15,'Matija Nastasic','1993-03-28','Valjevo','Serbia',188,83),
(13,16,'Miguelito','2001-01-12',NULL,NULL,NULL,NULL),
(13,17,'Pablo Maffeo','1997-07-12','Sant Joan Despí','España',172,70),
(13,18,'Siebe Van der Heyden','1998-05-30',NULL,'Bélgica',185,76),
(13,19,'Toni Lato','1997-11-21','Valencia','España',171,64),
(13,20,'Yuzún Ley','2004-01-18',NULL,NULL,NULL,NULL),
(13,21,'Antonio Sánchez','1997-04-22','Palma de Mallorca','España',179,78),
(13,22,'Dani Rodríguez','1988-06-06','Betanzos','España',178,71),
(13,23,'Daniel Luna','2003-05-07',NULL,'Colombia',179,66),
(13,24,'Iddrisu Baba','1996-01-22','Accra','Ghana',185,73),
(13,25,'Lee Kang-In','2001-02-19','Incheon','Corea del Sur',173,66),
(13,26,'Luis Montiel','2004-01-19',NULL,NULL,NULL,NULL),
(13,27,'Manu Morlanes','1999-01-12','Zaragoza','España',178,75),
(13,28,'Miguel Llabrés','2000-01-28',NULL,NULL,NULL,NULL),
(13,29,'Omar Mascarell','1993-02-02','Santa Cruz de Tenerife','España',181,76),
(13,30,'Rubén Quintanilla','2002-04-03',NULL,'España',NULL,NULL),
(13,31,'Samú Costa','2000-11-27','Aveiro','Portugal',183,75),
(13,32,'Sergi Darder','1993-12-22','Arta','España',180,71),
(13,33,'Íñigo Ruíz de Galarreta','1993-08-06','Eibar','España',175,69),
(13,34,'Abdón Prats','1992-12-07','Artá','España',181,81),
(13,35,'Amath Ndiaye','1996-07-16','Dakar','Senegal',173,70),
(13,36,'Cyle Larin','1995-04-17','Brampton','Canadá',188,90),
(13,37,'Javi Llabrés','2002-09-11','Binissalem','España',174,NULL),
(13,38,'Jordi Mboula','1999-03-16','Granollers','España',183,74),
(13,39,'Pau Mascaró','2004-10-20',NULL,NULL,NULL,NULL),
(13,40,'Tino Kadewere','1996-01-05','Harare','Zimbabue',183,72),
(13,41,'Vedat Muriqi','1994-04-24','Prizren',NULL,194,92),
(13,42,'Ángel Rodríguez','1987-04-26','Santa Cruz de Tenerife','España',172,68),
(14,1,'Aitor Fernández','1991-05-03','Arrasate','España',182,78),
(14,2,'Darío Ramos','1999-10-19','Valencia','España',191,78),
(14,3,'Dimitrios Stamatakis','2003-04-23',NULL,'Grecia',191,NULL),
(14,4,'Pablo Valencia','2001-03-16','Bariáin','España',188,74),
(14,5,'Sergio Herrera','1993-06-05','Miranda de Ebro','España',192,82),
(14,6,'Yoel Ramírez','2002-02-05','Mallén','España',184,NULL),
(14,7,'Alejandro Catena','1994-10-28','Madrid','España',194,82),
(14,8,'Aridane Hernández','1989-03-23','Tuineje','España',186,77),
(14,9,'David García','1994-02-14','Pamplona','España',185,72),
(14,10,'Diego Moreno','2001-06-21','Cintruénigo','España',177,NULL),
(14,11,'Jesús Areso','1999-07-02','Cascante','España',182,81),
(14,12,'Johan Mojica','1992-08-21','Cali','Colombia',185,66),
(14,13,'Jorge Herrando','2001-02-28',NULL,'España',190,NULL),
(14,14,'Juan Cruz','1992-07-28','Madrid','España',180,79),
(14,15,'Manu Sánchez','2000-08-24','Madrid','España',179,70),
(14,16,'Nacho Vidal','1995-01-24','Campello','España',180,75),
(14,17,'Rubén Peña','1991-07-18','Ávila','España',170,65),
(14,18,'Unai García','1992-02-03','Esquiroz','España',186,81),
(14,19,'Aimar Oroz','2001-11-27','Pamplona','España',177,NULL),
(14,20,'Darko Brasanac','1992-02-12','Cajetina','Serbia',178,73),
(14,21,'Iker Muñoz','2002-11-05','Villafranca','España',180,69),
(14,22,'Jon Moncayola','1998-05-13','Garinoain','España',189,86),
(14,23,'Lucas Torró','1994-07-19','Alicante','España',190,77),
(14,24,'Moi Gómez','1994-06-23','Valencia','España',176,71),
(14,25,'Pablo Ibáñez','1998-09-20','Pamplona',NULL,179,NULL),
(14,26,'Rubén García','1993-07-14','Valencia','España',171,72),
(14,27,'Abde Ezzalzouli','2001-12-17','Beni Melal','Marruecos',177,72),
(14,28,'Ante Budimir','1991-07-22','Zenica','Bosnia y Herzegovina',190,75),
(14,29,'Chimy Avila','1994-02-06','Rosario','Argentina',172,81),
(14,30,'Iker Benito','2002-08-10','Miranda de Ebro','España',NULL,NULL),
(14,31,'José Arnáiz','1995-04-15','Talavera de la Reina','España',175,70),
(14,32,'Kike Barja','1997-04-01','Noáin','España',178,69),
(14,33,'Raúl García','2000-11-03','Olesa de Montserrat','España',192,70),
(15,1,'Aitor Fraga','2003-03-12',NULL,NULL,194,NULL),
(15,2,'Andoni Zubiaurre','1996-12-04','Ordizia','España',190,80),
(15,3,'Egoitz Arana','2002-02-19',NULL,NULL,NULL,NULL),
(15,4,'Gaizka Ayesa','2001-04-02',NULL,'España',182,79),
(15,5,'Unai Marrero','2001-10-09','San Sebastián','España',189,NULL),
(15,6,'Álex Remiro','1995-03-24','Cascante','España',191,79),
(15,7,'Aihen Muñoz','1997-08-16','San Sebastián','España',175,68),
(15,8,'Aritz Arambarri','1998-01-31','Azkoitia','España',186,76),
(15,9,'Aritz Elustondo','1994-03-28','Beasáin','España',180,71),
(15,10,'Hamari Traoré','1992-01-27','Bamako','Malí',175,73),
(15,11,'Jon Aramburu','2002-07-23',NULL,'Venezuela',174,71),
(15,12,'Jon Martín','2006-04-23',NULL,NULL,NULL,NULL),
(15,13,'Jon Pacheco','2001-01-08',NULL,'España',184,77),
(15,14,'Jonathan Gómez','2003-09-01','Keller','Estados Unidos de América',176,71),
(15,15,'Kieran Tierney','1997-06-05','Douglas','Escocia',178,70),
(15,16,'Modibo Sagnan','1999-04-14','Saint-Denis','Francia',187,77),
(15,17,'Robin Le Normand','1996-11-11','Pabu','Francia',187,80),
(15,18,'Urko González','2001-03-20','Vitoria-Gasteiz','España',189,80),
(15,19,'Álvaro Odriozola','1995-12-14','San Sebastián','España',176,66),
(15,20,'Alex Lebarbier','2004-08-23',NULL,'Francia',NULL,NULL),
(15,21,'Ander Guevara','1997-07-07','Vitoria','España',180,73),
(15,22,'Arsen Zakharyan','2003-05-26',NULL,'Rusia',180,68),
(15,23,'Asier Illarramendi','1990-03-08','Motrico','España',179,75),
(15,24,'Beñat Turrientes','2002-01-31',NULL,'España',181,70),
(15,25,'Brais Méndez','1997-01-07','Mos','España',187,76),
(15,26,'David Silva','1986-01-08','Arguineguín','España',170,67),
(15,27,'Igor Zubeldia','1997-03-30','Azkoitia','España',181,73),
(15,28,'Jon Magunazelaia','2001-07-13','Eibar','España',180,75),
(15,29,'Jon Olasagasti','2000-08-16','San Sebastián','España',176,74),
(15,30,'Martín Zubimendi','1999-02-02','San Sebastián','España',180,74),
(15,31,'Mikel Merino','1996-06-22','Pamplona','España',188,83),
(15,32,'Pablo Marín','2003-07-03',NULL,NULL,178,NULL),
(15,33,'Takefusa Kubo','2001-06-04','Kawasaki','Japón',173,64),
(15,34,'Alberto Dadie','2002-07-20',NULL,'España',170,NULL),
(15,35,'Alexander Sørloth','1995-12-05','Trondheim','Noruega',195,90),
(15,36,'Ander Barrenetxea','2001-12-27','San Sebastián','España',178,75),
(15,37,'Ander Martín','2000-11-16','Donostia-San Sebastián','España',176,78),
(15,38,'André Silva','1995-11-06','Gondomar','Portugal',185,84),
(15,39,'Carlos Fernández','1996-05-22','Castilleja de Guzmán','España',185,72),
(15,40,'Martín Merquelanz','1995-06-12','Irún','España',176,72),
(15,41,'Mikel Oyarzabal','1997-04-21','Eibar','España',181,78),
(15,42,'Mohamed-Ali Cho','2004-01-19',NULL,'Francia',181,66),
(15,43,'Umar Sadiq','1997-02-02','Kaduna','Nigeria',192,75),
(16,1,'Dani Cárdenas','1997-03-28','Terrassa','España',186,80),
(16,2,'Diego López','1981-11-03','Lugo','España',196,89),
(16,3,'Mario Ramos','2004-07-15',NULL,'España',NULL,NULL),
(16,4,'Stole Dimitrievski','1993-12-25','Kumanovo','Macedonia del Norte',188,84),
(16,5,'Abdul Mumin','1998-06-06','Accra','Ghana',188,79),
(16,6,'Alejandro Catena','1994-10-28','Madrid','España',194,82),
(16,7,'Alfonso Espino','1992-01-05','San Jacinto','Uruguay',172,71),
(16,8,'Andrei Ratiu','1998-06-20','Aiud','Rumania',183,NULL),
(16,9,'Aridane Hernández','1989-03-23','Tuineje','España',186,77),
(16,10,'Esteban Saveljich','1991-05-20','Tandil','Argentina',187,80),
(16,11,'Florian Lejeune','1991-05-20','Paris','Francia',189,89),
(16,12,'Fran García','1999-08-14','Bolaños de Calatrava','España',167,69),
(16,13,'Iván Balliu','1992-01-01','Gerona','España',172,63),
(16,14,'Mario Hernández','1999-01-25','Madrid','España',177,NULL),
(16,15,'Mario Suárez','1987-02-24','Alcobendas','España',188,80),
(16,16,'Martín Pascual','1999-08-04','Madrid','España',190,78),
(16,17,'Pep Chavarría','1998-04-10','Figueres','España',174,72),
(16,18,'Diego Méndez','2003-08-29','Móstoles','España',182,NULL),
(16,19,'Isi Palazón','1994-12-27','Cieza','España',169,71),
(16,20,'Joni Montiel','1998-09-03','Madrid','España',173,67),
(16,21,'José Pozo','1996-03-15','Fuengirola','España',171,67),
(16,22,'Kike Pérez','1997-02-14','Gálvez','España',184,80),
(16,23,'Pathé Ciss','1994-03-16','Dakar','Senegal',186,71),
(16,24,'Randy Nteka','1997-12-06','Paris','Francia',189,75),
(16,25,'Santi Comesaña','1996-10-05','Vigo','España',184,75),
(16,26,'Unai López','1995-10-30','Rentería','España',170,68),
(16,27,'Álvaro García','1992-10-27','Sevilla','España',167,61),
(16,28,'Óscar Trejo','1988-04-26','Santiago del Estero','Argentina',180,79),
(16,29,'Óscar Valentín','1994-08-20','Ajofrín','España',177,72),
(16,30,'Bebé','1990-07-12','Loures','Portugal',190,83),
(16,31,'Jorge de Frutos','1997-02-20','Navares De Enmedio','España',173,72),
(16,32,'Radamel Falcao','1986-02-10','Santa Marta','Colombia',177,72),
(16,33,'Raúl de Tomás','1994-10-17','Madrid','España',180,72),
(16,34,'Sergio Camello','2001-02-10','Madrid','España',177,69),
(17,1,'Andriy Lunin','1999-02-11','Krasnograd','Ucrania',191,80),
(17,2,'Diego Piñeiro','2004-02-13','Madrid','España',185,69),
(17,3,'Fran González','2005-06-24','León','España',199,NULL),
(17,4,'Kepa','1994-10-03','Ondarroa','España',189,84),
(17,5,'Lucas Cañizares','2002-05-10',NULL,NULL,188,81),
(17,6,'Luis López','2001-05-08',NULL,'España',192,84),
(17,7,'Mario de Luis','2002-06-05','Madrid','España',184,75),
(17,8,'Thibaut Courtois','1992-05-11','Bree','Bélgica',200,96),
(17,9,'Antonio Rüdiger','1993-03-03','Berlin','Alemania',190,85),
(17,10,'Dani Carvajal','1992-01-11','Leganés','España',173,73),
(17,11,'David Alaba','1992-06-24','Wien','Austria',180,78),
(17,12,'Ferland Mendy','1995-06-08','Meulan-En-Yvelines','Francia',180,73),
(17,13,'Fran García','1999-08-14','Bolaños de Calatrava','España',167,69),
(17,14,'Jesús Vallejo','1997-01-05','Zaragoza','España',184,79),
(17,15,'Marvel','2003-01-07','Casablanca','Marruecos',184,75),
(17,16,'Nacho','1990-01-18','Madrid','España',180,76),
(17,17,'Vinícius Tobias','2004-02-23','São Paulo','Brasil',177,67),
(17,18,'Álvaro Carrillo','2002-04-06',NULL,'España',182,72),
(17,19,'Éder Militão','1998-01-18','Sertãozinho','Brasil',186,78),
(17,20,'Arda Güler','2005-02-25','Ankara','Turquía',176,NULL),
(17,21,'Aurélien Tchouaméni','2000-01-27','Rouen','Francia',187,81),
(17,22,'Brahim Díaz','1999-08-03','Málaga','España',171,59),
(17,23,'Carlos Dotor','2001-03-15',NULL,'España',180,68),
(17,24,'Dani Ceballos','1996-08-07','Utrera','España',179,70),
(17,25,'Eduardo Camavinga','2002-11-10','Cabinda','Angola',182,68),
(17,26,'Federico Valverde','1998-07-22','Montevideo','Uruguay',182,78),
(17,27,'Jude Bellingham','2003-06-29','Stourbridge','Inglaterra',186,75),
(17,28,'Lucas Vázquez','1991-07-01','Curtis','España',173,70),
(17,29,'Luka Modric','1985-09-09','Zadar','Croacia',172,66),
(17,30,'Mario Martín','2004-03-05','Sonseca','España',178,74),
(17,31,'Nico Paz','2004-09-08',NULL,NULL,186,74),
(17,32,'Sergio Arribas','2001-09-30','Madrid','España',173,64),
(17,33,'Toni Kroos','1990-01-04','Greifswald','Alemania',183,76),
(17,34,'Eden Hazard','1991-01-07','La Louvière','Bélgica',175,74),
(17,35,'Gonzalo García','2004-03-24',NULL,NULL,182,74),
(17,36,'Joselu','1990-03-27','Stuttgart','Alemania',192,80),
(17,37,'Karim Benzema','1987-12-19','Lyon','Francia',185,81),
(17,38,'Marco Asensio','1996-01-21','Palma de Mallorca','España',182,76),
(17,39,'Mariano Díaz','1993-08-01','Barcelona','España',180,76),
(17,40,'Rodrygo','2001-01-09','Osasco','Brasil',174,64),
(17,41,'Vinícius Júnior','2000-07-12','São Gonçalo','Brasil',176,73),
(17,42,'Álvaro Rodríguez','2004-07-14','Palamós','España',192,81),
(18,1,'Alberto Flores','2003-11-10','Fuentes de Andalucía','España',186,NULL),
(18,2,'Marius Herzig','1999-12-17','Waldkirchen','Alemania',188,NULL),
(18,3,'Marko Dmitrovic','1992-01-24','Subotica','Serbia',194,91),
(18,4,'Matías Árbol','2002-09-12','Palomares del Río','España',184,NULL),
(18,5,'Ørjan Nyland','1990-09-10','Kristiansund','Noruega',192,90),
(18,6,'Adrià Pedrosa','1998-05-13','Barcelona','España',176,69),
(18,7,'Alex Telles','1992-12-15','Caxias do Sul','Brasil',181,71),
(18,8,'Darío Benavides','2003-01-12',NULL,'España',178,NULL),
(18,9,'Diego Hormigo','2003-04-16','Sevilla','España',182,NULL),
(18,10,'Federico Gattoni','1999-02-16',NULL,'Argentina',183,79),
(18,11,'Jesús Navas','1985-11-21','Sevilla','España',172,60),
(18,12,'José Ángel Carmona','2002-01-29','El Viso del Alcor','España',183,NULL),
(18,13,'Karim Rekik','1994-12-02','La Haya','Países Bajos',186,84),
(18,14,'Kike Salas','2002-04-23','Sevilla','España',185,NULL),
(18,15,'Loïc Badé','2000-04-11','Sevres','Francia',191,89),
(18,16,'Lulo Dasilva','2002-10-04',NULL,NULL,187,71),
(18,17,'Marcos Acuña','1991-10-28','Zapala','Argentina',172,69),
(18,18,'Marcão','1996-06-05','Londrina','Brasil',185,80),
(18,19,'Pablo Pérez','2001-08-18','Madrid','España',174,NULL),
(18,20,'Sergio Ramos','1986-03-30','Camas','España',184,82),
(18,21,'Tanguy Nianzou','2002-06-07','Paris','Francia',187,83),
(18,22,'Adnan Januzaj','1995-02-05','Brussels','Bélgica',186,76),
(18,23,'Boubakary Soumaré','1999-02-27',NULL,'Francia',188,70),
(18,24,'Carlos Álvarez','2003-08-06','Sanlúcar la Mayor','España',163,NULL),
(18,25,'Djibril Sow','1997-02-06','Zürich','Suiza',183,76),
(18,26,'Fernando','1987-07-25','Brasília','Brasil',183,76),
(18,27,'Ivan Rakitic','1988-03-10','Rheinfelden','Suiza',184,78),
(18,28,'Joan Jordán','1994-07-06','Gerona','España',184,74),
(18,29,'Juanlu Sánchez','2003-08-15','Montequinto','España',183,68),
(18,30,'Lucas Ocampos','1994-07-11','Buenos Aires','Argentina',187,84),
(18,31,'Luismi Cruz','2001-05-23','El Puerto de Santa María','España',166,NULL),
(18,32,'Manu Bueno','2004-07-27','Jerez de la Frontera','España',178,NULL),
(18,33,'Nacho Quintana','2001-02-23','Seseña','España',178,NULL),
(18,34,'Nemanja Gudelj','1991-11-16','Belgrade','Serbia',187,79),
(18,35,'Pape Gueye','1999-01-24',NULL,NULL,189,79),
(18,36,'Suso','1993-11-19','Cadiz','España',177,70),
(18,37,'Xavi Sintes','2001-08-05',NULL,NULL,189,77),
(18,38,'Érik Lamela','1992-03-04','Florida','Argentina',181,79),
(18,39,'Óliver Torres','1994-11-10','Madrid','España',178,70),
(18,40,'Bryan Gil','2001-02-11','Barbate','España',175,60),
(18,41,'Dodi Lukébakio','1997-09-24','Asse','Bélgica',187,77),
(18,42,'Isaac Romero','2000-05-18',NULL,NULL,NULL,NULL),
(18,43,'Israel Domínguez','2003-05-07',NULL,NULL,NULL,NULL),
(18,44,'Mariano Díaz','1993-08-01','Barcelona','España',180,76),
(18,45,'Rafa Mir','1997-06-18','Murcia','España',191,86),
(18,46,'Rony Lopes','1995-12-28','Belém','Brasil',174,68),
(18,47,'Youssef En-Nesyri','1997-06-01','Fez','Marruecos',188,73),
(19,1,'Carlos Manuel','2002-06-07',NULL,'España',NULL,NULL),
(19,2,'Cristian Rivero','1998-03-21','Gandía','España',188,75),
(19,3,'Emilio Bernad','1999-09-22','La Vall d\'Uixó','España',184,72),
(19,4,'Giorgi Mamardashvili','2000-09-29','Tbilisi','Georgia',199,86),
(19,5,'Iago Herrerín','1988-01-25','Bilbao','España',187,88),
(19,6,'Jaume Domènech','1990-11-05','Almenara','España',185,73),
(19,7,'Cenk Özkacar','2000-10-06','Izmir','Turquía',190,87),
(19,8,'Cristhian Mosquera','2004-06-27','Alicante','España',188,78),
(19,9,'César Tárrega','2002-02-26','Valencia','España',194,NULL),
(19,10,'Dimitri Foulquier','1993-03-23','Sarcelles','Francia',183,72),
(19,11,'Gabriel Paulista','1990-11-26','São Paulo','Brasil',185,72),
(19,12,'Hugo Guillamón','2000-01-31','L\'Eliana','España',178,62),
(19,13,'Jesús Vázquez','2003-01-02',NULL,NULL,182,76),
(19,14,'Jorge Sáenz','1996-11-17','Santa Cruz de Tenerife','España',192,75),
(19,15,'José Gayà','1995-05-25','Pedreguer','España',172,66),
(19,16,'Mouctar Diakhaby','1996-12-19','Vendôme','Francia',189,78),
(19,17,'Rubén Iranzo','2003-03-14','Picanya','España',182,63),
(19,18,'Thierry Correia','1999-03-09','Amadora','Portugal',176,69),
(19,19,'Toni Lato','1997-11-21','Valencia','España',171,64),
(19,20,'Yarek Gasiorowski','2005-01-12',NULL,'España',190,NULL),
(19,21,'André Almeida','2000-05-30','Guimarães','Portugal',176,62),
(19,22,'Fran Pérez','2002-09-09','Valencia','España',175,68),
(19,23,'Hugo González','2003-02-07','Valencia','España',184,NULL),
(19,24,'Ilaix Moriba','2003-01-19','Conakry','Guinea',185,73),
(19,25,'Javi Guerra','2003-05-13','Gilet','España',187,77),
(19,26,'Javi Navarro','2004-02-24',NULL,'España',NULL,NULL),
(19,27,'Jesús Santiago Pérez','2004-05-25',NULL,'España',192,NULL),
(19,28,'Koba Koindredi','2001-10-27','Nouméa','Nueva Caledonia',184,80),
(19,29,'Marco Camus','2001-11-16','Santander','España',181,73),
(19,30,'Martín Tejón','2004-04-12',NULL,'España',165,NULL),
(19,31,'Nico González','2002-01-03',NULL,NULL,188,85),
(19,32,'Pablo Gozálbez','2001-04-30','Valencia','España',NULL,NULL),
(19,33,'Pepelu','1998-08-11','Dénia','España',185,73),
(19,34,'Selim Amallah','1996-11-15','Hautrage','Bélgica',186,82),
(19,35,'Sergi Canós','1997-02-02','Nules','España',177,75),
(19,36,'Yunus Musah','2002-11-29','New York','Estados Unidos de América',178,75),
(19,37,'Alberto Marí','2001-07-11',NULL,'España',183,78),
(19,38,'Diego López','2002-05-13','Turón','España',172,62),
(19,39,'Edinson Cavani','1987-02-14','Salto','Uruguay',184,71),
(19,40,'Hugo Duro','1999-11-10','Getafe','España',177,70),
(19,41,'Joselu','2004-03-12',NULL,'España',NULL,NULL),
(19,42,'Justin Kluivert','1999-05-05','Amsterdam','Países Bajos',171,67),
(19,43,'Mario Domínguez','2004-02-10','Granada','España',175,NULL),
(19,44,'Roman Yaremchuk','1995-11-27',NULL,'Ucrania',191,79),
(19,45,'Samuel Lino','1999-12-23','Santo André','Brasil',170,69),
(20,1,'Filip Jörgensen','2002-04-16','Lomma','Suecia',190,NULL),
(20,2,'Gianni Cassaro','1992-04-10','Lloret de Mar','España',NULL,NULL),
(20,3,'Iker Álvarez','2001-07-25','Andorra la Vella','Andorra',190,NULL),
(20,4,'Miguel Ángel Morro','2000-09-11','Alcalá de Henares','España',193,82),
(20,5,'Pepe Reina','1982-08-31','Madrid','España',188,92),
(20,6,'Adrià Alti','2001-03-28',NULL,NULL,170,62),
(20,7,'Adrián de la Fuente','1999-02-26','El Escorial','España',179,77),
(20,8,'Alberto Moreno','1992-07-05','Sevilla','España',171,65),
(20,9,'Aïssa Mandi','1991-10-22','Châlons-en-Champagne','Francia',184,78),
(20,10,'Carlos Romero','2001-10-29',NULL,NULL,NULL,NULL),
(20,11,'Johan Mojica','1992-08-21','Cali','Colombia',185,66),
(20,12,'Jorge Cuenca','1999-11-17','Madrid','España',190,75),
(20,13,'Juan Foyth','1998-01-12',NULL,'Argentina',187,83),
(20,14,'Kiko Femenía','1991-02-02','Alicante','España',176,61),
(20,15,'Mamadou Fall','2002-11-21','Rufisque','Senegal',188,74),
(20,16,'Marcos Sánchez','2003-10-26','Villarreal','España',NULL,NULL),
(20,17,'Matteo Gabbia','1999-10-21','Busto Arsizio','Italia',185,78),
(20,18,'Pau Torres','1997-01-16','Villarreal','España',191,80),
(20,19,'Raúl Albiol','1985-09-04','Valencia','España',187,74),
(20,20,'Sergio Carreira','2000-10-13','Vigo','España',170,70),
(20,21,'Alberto del Moral','2000-07-20','Villacañas','España',185,70),
(20,22,'Alfonso Pedraza','1996-04-09','San Sebastián de los Ballesteros','España',184,73),
(20,23,'Dani Parejo','1989-04-16','Madrid','España',182,74),
(20,24,'Denis Suárez','1994-01-06','Salceda de Caselas','España',176,69),
(20,25,'Francis Coquelin','1991-05-13','Laval','Francia',176,74),
(20,26,'Giovani Lo Celso','1996-04-09','Rosario','Argentina',177,68),
(20,27,'Iborra','1988-01-16','Valencia','España',190,80),
(20,28,'Iván Martín','1999-02-14','Bilbao','España',178,NULL),
(20,29,'Manu Trigueros','1991-10-17','Toledo','España',178,75),
(20,30,'Paulo Vitor','1999-06-24','Rio de Janeiro','Brasil',174,68),
(20,31,'Ramon Terrats','2000-10-18','Barcelona','España',181,NULL),
(20,32,'Santi Comesaña','1996-10-05','Vigo','España',184,75),
(20,33,'Yeremy Pino','2002-10-20','Las Palmas','España',172,65),
(20,34,'Álex Baena','2001-07-20','Roquetas de Mar','España',175,70),
(20,35,'Étienne Capoue','1988-07-11',NULL,NULL,189,80),
(20,36,'Alexander Sørloth','1995-12-05','Trondheim','Noruega',195,90),
(20,37,'Arnaut Danjuma','1997-01-31','Lagos','Nigeria',178,74),
(20,38,'Ben Brereton','1999-04-18',NULL,'Inglaterra',185,80),
(20,39,'Boulaye Dia','1996-11-16','Oyonnax','Francia',180,75),
(20,40,'Diego Collado','2001-01-09',NULL,NULL,183,NULL),
(20,41,'Fer Niño','2000-10-24','Rota','España',191,NULL),
(20,42,'Gerard Moreno','1992-04-07','Barcelona','España',180,77),
(20,43,'Haissem Hassan','2002-02-08','Bagnolet','Francia',178,71),
(20,44,'Ilias Akhomach','2004-04-16','Hostalets de Pierola','España',175,NULL),
(20,45,'Jorge Pascual','2003-04-09',NULL,'España',NULL,NULL),
(20,46,'José Luís Morales','1987-07-23','Madrid','España',180,70),
(20,47,'Nicolas Jackson','2001-06-20','Banjul','Gambia',186,78),
(20,48,'Paco Alcácer','1993-08-30','Torrent','España',175,72),
(20,49,'Samuel Chukwueze','1999-05-22','Umahaia','Nigeria',172,70);
/*!40000 ALTER TABLE `jugadores` ENABLE KEYS */;
UNLOCK TABLES;

--
-- Table structure for table `partidos`
--

DROP TABLE IF EXISTS `partidos`;
/*!40101 SET @saved_cs_client     = @@character_set_client */;
/*!40101 SET character_set_client = utf8 */;
CREATE TABLE `partidos` (
  `idL` int(11) NOT NULL,
  `idV` int(11) NOT NULL,
  `golL` smallint(6) DEFAULT NULL,
  `golV` smallint(6) DEFAULT NULL,
  PRIMARY KEY (`idL`,`idV`),
  KEY `idV` (`idV`),
  CONSTRAINT `partidos_ibfk_1` FOREIGN KEY (`idL`) REFERENCES `clubs` (`id`) ON DELETE CASCADE ON UPDATE CASCADE,
  CONSTRAINT `partidos_ibfk_2` FOREIGN KEY (`idV`) REFERENCES `clubs` (`id`) ON DELETE CASCADE ON UPDATE CASCADE
) ENGINE=InnoDB DEFAULT CHARSET=utf8mb4 COLLATE=utf8mb4_general_ci;
/*!40101 SET character_set_client = @saved_cs_client */;

--
-- Dumping data for table `partidos`
--

LOCK TABLES `partidos` WRITE;
/*!40000 ALTER TABLE `partidos` DISABLE KEYS */;
INSERT INTO `partidos` VALUES
(1,2,3,1),
(1,3,1,2),
(1,4,0,0),
(1,5,2,2),
(1,6,0,2),
(1,7,0,0),
(1,8,4,2),
(1,9,1,1),
(1,10,4,5),
(1,11,1,0),
(1,12,2,0),
(1,13,0,0),
(1,14,0,2),
(1,15,2,2),
(1,16,6,0),
(1,17,0,2),
(1,18,1,1),
(1,19,0,0),
(1,20,1,0),
(2,1,0,1),
(2,3,1,3),
(2,4,2,3),
(2,5,1,3),
(2,6,1,3),
(2,7,1,1),
(2,8,2,1),
(2,9,0,1),
(2,10,1,4),
(2,11,0,0),
(2,12,0,0),
(2,13,2,1),
(2,14,2,1),
(2,15,0,2),
(2,16,0,0),
(2,17,1,3),
(2,18,2,0),
(2,19,2,3),
(2,20,1,2),
(3,1,1,0),
(3,2,5,1),
(3,4,5,2),
(3,5,3,3),
(3,6,7,1),
(3,7,2,0),
(3,8,1,0),
(3,9,3,1),
(3,10,2,0),
(3,11,0,0),
(3,12,0,1),
(3,13,2,0),
(3,14,2,3),
(3,15,2,4),
(3,16,0,0),
(3,17,0,4),
(3,18,0,4),
(3,19,2,1),
(3,20,2,0),
(4,1,0,0),
(4,2,0,0),
(4,3,2,2),
(4,5,3,0),
(4,6,1,2),
(4,7,1,1),
(4,8,1,0),
(4,9,6,1),
(4,10,1,1),
(4,11,2,0),
(4,12,5,2),
(4,13,1,1),
(4,14,0,0),
(4,15,1,0),
(4,16,4,0),
(4,17,0,0),
(4,18,7,2),
(4,19,0,2),
(4,20,2,0),
(5,1,0,2),
(5,2,1,1),
(5,3,1,3),
(5,4,6,2),
(5,6,0,2),
(5,7,1,0),
(5,8,1,0),
(5,9,3,2),
(5,10,1,1),
(5,11,1,0),
(5,12,4,2),
(5,13,2,1),
(5,14,6,0),
(5,15,3,0),
(5,16,1,2),
(5,17,2,3),
(5,18,0,2),
(5,19,1,1),
(5,20,0,3),
(6,1,2,4),
(6,2,1,1),
(6,3,6,3),
(6,4,3,0),
(6,5,0,0),
(6,7,4,1),
(6,8,0,2),
(6,9,4,0),
(6,10,2,0),
(6,11,3,0),
(6,12,3,3),
(6,13,3,1),
(6,14,2,2),
(6,15,2,1),
(6,16,2,2),
(6,17,1,4),
(6,18,2,1),
(6,19,3,2),
(6,20,1,0),
(7,1,0,1),
(7,2,1,0),
(7,3,1,2),
(7,4,3,3),
(7,5,1,1),
(7,6,1,2),
(7,8,0,1),
(7,9,0,2),
(7,10,3,0),
(7,11,1,0),
(7,12,1,0),
(7,13,2,0),
(7,14,3,0),
(7,15,0,1),
(7,16,0,1),
(7,17,0,0),
(7,18,0,0),
(7,19,0,2),
(7,20,2,1),
(8,1,0,2),
(8,2,1,1),
(8,3,1,4),
(8,4,1,0),
(8,5,2,4),
(8,6,1,3),
(8,7,0,2),
(8,9,4,1),
(8,10,4,1),
(8,11,0,1),
(8,12,0,1),
(8,13,1,0),
(8,14,0,1),
(8,15,1,0),
(8,16,2,0),
(8,17,2,0),
(8,18,1,3),
(8,19,0,0),
(8,20,4,1),
(9,1,2,0),
(9,2,2,1),
(9,3,3,2),
(9,4,3,3),
(9,5,2,2),
(9,6,4,2),
(9,7,0,0),
(9,8,4,1),
(9,10,2,3),
(9,11,0,1),
(9,12,2,0),
(9,13,2,0),
(9,14,2,1),
(9,15,1,4),
(9,16,3,1),
(9,17,2,4),
(9,18,0,1),
(9,19,0,3),
(9,20,1,0),
(10,1,4,0),
(10,2,0,1),
(10,3,3,4),
(10,4,7,4),
(10,5,3,4),
(10,6,1,2),
(10,7,1,3),
(10,8,0,2),
(10,9,0,1),
(10,11,1,1),
(10,12,0,1),
(10,13,4,1),
(10,14,2,0),
(10,15,0,3),
(10,16,4,2),
(10,17,7,3),
(10,18,0,0),
(10,19,4,0),
(10,20,1,3),
(11,1,0,2),
(11,2,1,1),
(11,3,2,3),
(11,4,1,0),
(11,5,2,2),
(11,6,3,4),
(11,7,0,0),
(11,8,0,1),
(11,9,0,1),
(11,10,1,2),
(11,12,0,1),
(11,13,1,2),
(11,14,2,1),
(11,15,1,3),
(11,16,0,0),
(11,17,1,0),
(11,18,1,2),
(11,19,1,0),
(11,20,0,0),
(12,1,4,1),
(12,2,1,1),
(12,3,4,3),
(12,4,4,5),
(12,5,0,3),
(12,6,0,1),
(12,7,0,2),
(12,8,1,0),
(12,9,1,0),
(12,10,0,2),
(12,11,0,1),
(12,13,3,1),
(12,14,2,2),
(12,15,2,1),
(12,16,1,0),
(12,17,1,4),
(12,18,2,0),
(12,19,1,0),
(12,20,2,0),
(13,1,1,1),
(13,2,2,2),
(13,3,0,0),
(13,4,2,0),
(13,5,1,3),
(13,6,0,2),
(13,7,0,1),
(13,8,4,1),
(13,9,0,1),
(13,10,3,2),
(13,11,1,0),
(13,12,0,1),
(13,14,2,0),
(13,15,0,0),
(13,16,3,1),
(13,17,0,0),
(13,18,3,1),
(13,19,0,1),
(13,20,3,1),
(14,1,1,1),
(14,2,2,0),
(14,3,1,5),
(14,4,0,1),
(14,5,2,1),
(14,6,1,0),
(14,7,3,0),
(14,8,1,2),
(14,9,2,3),
(14,10,1,2),
(14,11,0,0),
(14,12,1,1),
(14,13,0,1),
(14,15,3,2),
(14,16,2,1),
(14,17,2,2),
(14,18,2,0),
(14,19,0,1),
(14,20,0,1),
(15,1,3,0),
(15,2,0,1),
(15,3,1,1),
(15,4,6,0),
(15,5,1,2),
(15,6,2,2),
(15,7,0,1),
(15,8,0,0),
(15,9,1,0),
(15,10,1,1),
(15,11,0,0),
(15,12,2,0),
(15,13,4,0),
(15,14,3,0),
(15,16,6,0),
(15,17,4,6),
(15,18,3,1),
(15,19,5,1),
(15,20,6,0),
(16,1,1,0),
(16,2,5,1),
(16,3,0,1),
(16,4,1,0),
(16,5,1,1),
(16,6,0,0),
(16,7,1,0),
(16,8,1,1),
(16,9,0,2),
(16,10,3,3),
(16,11,1,1),
(16,12,1,2),
(16,13,0,1),
(16,14,0,0),
(16,15,1,2),
(16,17,5,3),
(16,18,0,1),
(16,19,4,0),
(16,20,1,0),
(17,1,3,2),
(17,2,3,0),
(17,3,2,0),
(17,4,4,1),
(17,5,7,0),
(17,6,2,1),
(17,7,3,1),
(17,8,0,1),
(17,9,1,2),
(17,10,6,1),
(17,11,5,0),
(17,12,2,1),
(17,13,12,0),
(17,14,1,2),
(17,15,3,2),
(17,16,4,1),
(17,18,2,1),
(17,19,5,2),
(17,20,3,2),
(18,1,1,2),
(18,2,1,0),
(18,3,1,0),
(18,4,2,0),
(18,5,5,4),
(18,6,1,0),
(18,7,0,0),
(18,8,0,2),
(18,9,3,3),
(18,10,4,0),
(18,11,4,0),
(18,12,4,2),
(18,13,3,1),
(18,14,0,2),
(18,15,1,2),
(18,16,0,1),
(18,17,2,7),
(18,19,3,1),
(18,20,2,2),
(19,1,3,1),
(19,2,0,0),
(19,3,2,0),
(19,4,2,3),
(19,5,5,1),
(19,6,2,3),
(19,7,2,1),
(19,8,0,1),
(19,9,4,0),
(19,10,0,6),
(19,11,6,1),
(19,12,1,2),
(19,13,2,1),
(19,14,0,1),
(19,15,4,0),
(19,16,0,2),
(19,17,2,2),
(19,18,4,1),
(19,20,3,1),
(20,1,1,2),
(20,2,4,0),
(20,3,1,4),
(20,4,0,5),
(20,5,0,0),
(20,6,3,0),
(20,7,2,0),
(20,8,3,1),
(20,9,0,0),
(20,10,2,3),
(20,11,1,2),
(20,12,3,0),
(20,13,1,2),
(20,14,0,2),
(20,15,3,0),
(20,16,1,0),
(20,17,0,0),
(20,18,0,2),
(20,19,3,2);
/*!40000 ALTER TABLE `partidos` ENABLE KEYS */;
UNLOCK TABLES;

--
-- Table structure for table `sedes`
--

DROP TABLE IF EXISTS `sedes`;
/*!40101 SET @saved_cs_client     = @@character_set_client */;
/*!40101 SET character_set_client = utf8 */;
CREATE TABLE `sedes` (
  `idEq` int(11) NOT NULL,
  `estadio` varchar(40) DEFAULT NULL,
  `aforo` int(11) DEFAULT NULL,
  `direccion` varchar(60) DEFAULT NULL,
  `provincia` varchar(20) DEFAULT NULL,
  PRIMARY KEY (`idEq`),
  CONSTRAINT `sedes_ibfk_1` FOREIGN KEY (`idEq`) REFERENCES `clubs` (`id`)
) ENGINE=InnoDB DEFAULT CHARSET=utf8mb4 COLLATE=utf8mb4_general_ci;
/*!40101 SET character_set_client = @saved_cs_client */;

--
-- Dumping data for table `sedes`
--

LOCK TABLES `sedes` WRITE;
/*!40000 ALTER TABLE `sedes` DISABLE KEYS */;
INSERT INTO `sedes` VALUES
(1,'Mendizorroza',19200,'Plaza Amadeo García de Salazar, s/n,01007, Álava','Vitoria'),
(2,'Power Horse Stadium',15200,'Complejo Deportivo de la Vega de Acá, s/n, 04007, Almería','Almería'),
(3,'San Mamés',53332,'C/ Ventosa Bidea, 36, 48013, Bilbao','Vizcaya'),
(4,'Cívitas Metropolitano',70460,' Av. de Luis Aragonés, 4, 28022 Madrid','Madrid'),
(5,'Estadi Olímpic Lluís Companys',56000,'Passeig Olímpic, 15-17, 08038 Barcelona','Barcelona'),
(6,'Benito Villamarín',60721,'Avda. Heliópolis, s/n, 41012, Sevilla','Sevilla'),
(7,'Nuevo Mirandilla',19500,'Plaza de Madrid, 21, 11010, Cádiz','Cádiz'),
(8,'Abanca-Balaídos',31800,'Avda. de Balaídos, s/n, 36210, Vigo, Pontevedra','Pontevedra'),
(9,'Coliseum',17393,'Avenida Teresa de Calcuta, 4, 28903, Getafe, Madrid','Madrid'),
(10,'Montilivi',10000,'Avenida Montilivi, 141, 17003, Gerona','Gerona'),
(11,'Nuevo Los Cármenes',23156,'C/ del Pintor Manuel Maldonado, 18007, Granada','Granada'),
(12,'Gran Canaria',32500,'C/ Fondos Del Segura, s/n, 35010, Las Palmas de Gran Canaria','Las Palmas'),
(13,'Estadi Mallorca Son Moix',23142,'Cami Reis, S/N, 07011, Palma de Mallorca','Baleares'),
(14,'El Sadar',23516,'C/ Sadar, s/n, 31006, Pamplona','Navarra'),
(15,'Reale Arena',32076,'Paseo de Anoeta, 1, 20014, San Sebastián','Guipúzcoa'),
(16,'Estadio de Vallecas',14708,'C/ Payaso Fofó, 1, 28018 Madrid','Madrid'),
(17,'Santiago Bernabéu',85454,'Av de Concha Espina, 1, 28036, Madrid','Madrid'),
(18,'Ramón Sánchez-Pizjuán',45500,'Avda. Eduardo Dato, s/n, 41005, Sevilla','Sevilla'),
(19,'Mestalla',52600,'Avda. Suecia, s/n, 46010, Valencia','Valencia'),
(20,'Estadio de la Cerámica',22000,'Calle de Benicàssim, 12540, Villarreal','Castellón');
/*!40000 ALTER TABLE `sedes` ENABLE KEYS */;
UNLOCK TABLES;
/*!40103 SET TIME_ZONE=@OLD_TIME_ZONE */;

/*!40101 SET SQL_MODE=@OLD_SQL_MODE */;
/*!40014 SET FOREIGN_KEY_CHECKS=@OLD_FOREIGN_KEY_CHECKS */;
/*!40014 SET UNIQUE_CHECKS=@OLD_UNIQUE_CHECKS */;
/*!40101 SET CHARACTER_SET_CLIENT=@OLD_CHARACTER_SET_CLIENT */;
/*!40101 SET CHARACTER_SET_RESULTS=@OLD_CHARACTER_SET_RESULTS */;
/*!40101 SET COLLATION_CONNECTION=@OLD_COLLATION_CONNECTION */;
/*!40111 SET SQL_NOTES=@OLD_SQL_NOTES */;

-- Dump completed on 2024-05-29 22:26:17
