-- MariaDB dump 10.19  Distrib 10.11.6-MariaDB, for debian-linux-gnu (x86_64)
--
-- Host: localhost    Database: multas
-- ------------------------------------------------------
-- Server version	10.11.6-MariaDB-0+deb12u1

/*!40101 SET @OLD_CHARACTER_SET_CLIENT=@@CHARACTER_SET_CLIENT */;
/*!40101 SET @OLD_CHARACTER_SET_RESULTS=@@CHARACTER_SET_RESULTS */;
/*!40101 SET @OLD_COLLATION_CONNECTION=@@COLLATION_CONNECTION */;
/*!40101 SET NAMES utf8mb4 */;
/*!40103 SET @OLD_TIME_ZONE=@@TIME_ZONE */;
/*!40103 SET TIME_ZONE='+00:00' */;
/*!40014 SET @OLD_UNIQUE_CHECKS=@@UNIQUE_CHECKS, UNIQUE_CHECKS=0 */;
/*!40014 SET @OLD_FOREIGN_KEY_CHECKS=@@FOREIGN_KEY_CHECKS, FOREIGN_KEY_CHECKS=0 */;
/*!40101 SET @OLD_SQL_MODE=@@SQL_MODE, SQL_MODE='NO_AUTO_VALUE_ON_ZERO' */;
/*!40111 SET @OLD_SQL_NOTES=@@SQL_NOTES, SQL_NOTES=0 */;

DROP DATABASE IF EXISTS multas;
CREATE DATABASE multas;
USE multas

--
-- Table structure for table `multas`
--

DROP TABLE IF EXISTS `multas`;
/*!40101 SET @saved_cs_client     = @@character_set_client */;
/*!40101 SET character_set_client = utf8 */;
CREATE TABLE `multas` (
  `refs` varchar(20) NOT NULL,
  `matricula` varchar(10) NOT NULL,
  `importe` decimal(6,2) NOT NULL,
  `lugar` varchar(30) NOT NULL,
  PRIMARY KEY (`refs`),
  KEY `fk_matricula` (`matricula`),
  CONSTRAINT `fk_matricula` FOREIGN KEY (`matricula`) REFERENCES `vehiculos` (`matricula`)
) ENGINE=InnoDB DEFAULT CHARSET=utf8mb4 COLLATE=utf8mb4_general_ci;
/*!40101 SET character_set_client = @saved_cs_client */;

--
-- Dumping data for table `multas`
--

LOCK TABLES `multas` WRITE;
/*!40000 ALTER TABLE `multas` DISABLE KEYS */;
INSERT INTO `multas` VALUES
('0012365478','3368-CCC',1500.00,'CONDE DE PEÑALVER 48'),
('1123577961','2256-DRT',30.00,'JUAN BRAVO 70'),
('1365789655','6981-BMN',80.00,'PRECIADOS 39'),
('1975658453','3649-DDD',369.00,'GOYA 53'),
('2245786639','7896-BCV',200.00,'CASTELLANA 120'),
('2487965322','4593-CTX',42.00,'LIVERPOOL 40'),
('3254789619','3378-CTM',40.00,'AC/DC 4'),
('3256789614','7789-CHK',350.00,'JOHN LENNON 6'),
('3320014578','3549-BMT',100.00,'PASEO DE LA HABANA 30'),
('3320124555','6578-BJS',30.00,'LUNA 20'),
('3320124578','6578-BJS',30.00,'LUNA 20'),
('3356854698','6981-BMN',96.00,'JARDINES 3'),
('3678956410','7319-CYK',150.00,'CASTELLANA 45'),
('3695478541','3369-FBB',58.00,'ALCALA 3'),
('3719845962','4587-DVQ',468.00,'GREGORIO MARAÑON 27'),
('4455669982','3256-BHK',1507.00,'ALEGRIA 45'),
('4456987530','6631-DJR',69.00,'PRINCIPE DE VERGARA 70'),
('4457896320','7892-BJY',150.00,'CASTELLANA 112'),
('4688971235','2244-CBX',70.00,'ATOCHA 50'),
('5233651247','3256-BHK',45.00,'JORGE JUAN 5'),
('5452536958','3466-CML',100.00,'VELAZQUEZ 134'),
('5463201257','5566-DLY',159.00,'PEZ 7'),
('5721369855','M-8081-MZ',120.00,'LEGANITOS 20'),
('5789653214','5598-DSF',90.00,'PADILLA 5'),
('6413975486','1098-BWZ',70.00,'EMIGRANTES 1'),
('6521459653','5591-CDF',70.00,'SAN ROMUALDO 8'),
('6547965312','9991-BDN',70.00,'VELAZQUEZ 138'),
('6678546788','5541-BMP',90.00,'NUEVOS MINISTERIOS 22'),
('7319847395','5541-BMP',210.00,'IBIZA 23'),
('7546321038','1206-DBN',380.00,'MOTILLA DEL PALANCAR 41'),
('7789653211','M-7535-IF',2.00,'PEZ 1'),
('7789653217','9987-DDD',67.00,'DOCTOR CASTELO 12'),
('7854698651','7810-BFK',26.00,'MADERA 80'),
('8652126792','9376-BMZ',50.00,'ALCALA 200'),
('9851236547','5439-DDK',80.00,'ALCALA 10');
/*!40000 ALTER TABLE `multas` ENABLE KEYS */;
UNLOCK TABLES;

--
-- Table structure for table `personas`
--

DROP TABLE IF EXISTS `personas`;
/*!40101 SET @saved_cs_client     = @@character_set_client */;
/*!40101 SET character_set_client = utf8 */;
CREATE TABLE `personas` (
  `DNI` varchar(10) NOT NULL,
  `nombre` varchar(30) NOT NULL,
  PRIMARY KEY (`DNI`)
) ENGINE=InnoDB DEFAULT CHARSET=utf8mb4 COLLATE=utf8mb4_general_ci;
/*!40101 SET character_set_client = @saved_cs_client */;

--
-- Dumping data for table `personas`
--

LOCK TABLES `personas` WRITE;
/*!40000 ALTER TABLE `personas` DISABLE KEYS */;
INSERT INTO `personas` VALUES
('001987654D','GALARZA, RICARDO'),
('003652145R','VILLANUEVA, RUTH'),
('016598892K','CLAROS, GUILLERMO'),
('023547896Z','GARCIA, VALERIA'),
('098709287M','GUZMAN, VICTOR'),
('120326547E','GOMEZ, ALBERTO'),
('120365478S','SOLANO, MARTA'),
('120365778R','SALAS, VICTORIA'),
('120365879U','DORIS, MICHAEL'),
('120368794W','GARCIA, ROSA'),
('147956320S','HERRERO, JOSE'),
('201365789N','RODRIGUEZ, ESTEBAN'),
('203254778N','HOYOS, MARIA'),
('203654789M','RETUERTO, ISABEL'),
('203654789T','GOMEZ, RICARDO'),
('210365478H','DELGADO, LORENA'),
('210365796J','LUENGO, SARA'),
('210365877X','VALIENTE, INES'),
('222549765B','LEZCANO, SANTIAGO'),
('230012556D','VAZQUEZ, IRENE'),
('230365478Z','CONTRERAS, ALONSO'),
('230654789G','JIMENEZ, TERESA'),
('236589745P','LOPEZ, XOEL'),
('239984562Y','FERNANDEZ, JUAN'),
('302156879L','SANCHEZ, CLAUDIA'),
('332565478Q','GARCIA, ELENA'),
('336512478P','MOTOS, JUAN'),
('336659874O','ARRANZ, PABLO'),
('336699854P','LOPEZ, GUILLERMO'),
('356987514A','DORAE, MIGUEL'),
('379865214V','ROJAS, MANUEL'),
('412238796K','GARCIA, FEDERICO'),
('451256522T','COMINO, ELOISA'),
('452103687F','SAMPOL, ENRIQUE'),
('452133998I','BLAZQUEZ, ANA'),
('457633219G','ROCA, IVAN'),
('476549892Q','CALDERON, ALVARO'),
('479632001A','FIGUEROA, CELIA'),
('514479632V','DE LA ROSA, JULIAN'),
('547933215D','CANO, RUBEN'),
('547965367Y','ANDRES, CARLOS'),
('578951136U','CALDERON, ABEL'),
('6512377853','FERREIRO, IVAN'),
('665320124U','CINATTI, ADRIAN'),
('679854221Y','VAZQUEZ, CARLOS'),
('771819287Z','OUMER, ADEL'),
('998654223F','ARNAZ, JOSE ANTONIO');
/*!40000 ALTER TABLE `personas` ENABLE KEYS */;
UNLOCK TABLES;

--
-- Table structure for table `vehiculos`
--

DROP TABLE IF EXISTS `vehiculos`;
/*!40101 SET @saved_cs_client     = @@character_set_client */;
/*!40101 SET character_set_client = utf8 */;
CREATE TABLE `vehiculos` (
  `matricula` varchar(10) NOT NULL,
  `DNI` varchar(10) NOT NULL,
  PRIMARY KEY (`matricula`),
  KEY `fk_dni` (`DNI`),
  CONSTRAINT `fk_dni` FOREIGN KEY (`DNI`) REFERENCES `personas` (`DNI`)
) ENGINE=InnoDB DEFAULT CHARSET=utf8mb4 COLLATE=utf8mb4_general_ci;
/*!40101 SET character_set_client = @saved_cs_client */;

--
-- Dumping data for table `vehiculos`
--

LOCK TABLES `vehiculos` WRITE;
/*!40000 ALTER TABLE `vehiculos` DISABLE KEYS */;
INSERT INTO `vehiculos` VALUES
('4478-CNY','001987654D'),
('M-7535-IF','001987654D'),
('3649-DDD','003652145R'),
('4593-CTX','016598892K'),
('7751-CVB','098709287M'),
('9376-BMZ','098709287M'),
('3256-BHK','120326547E'),
('6981-BMN','120365778R'),
('1206-DBN','120365879U'),
('7892-BJY','203254778N'),
('M-0095-OT','203254778N'),
('7896-BCV','203654789M'),
('5598-DSF','203654789T'),
('2256-DRT','210365478H'),
('3549-BMT','210365796J'),
('7789-CHK','210365877X'),
('3378-CTM','222549765B'),
('9478-BCD','222549765B'),
('4587-DVQ','230012556D'),
('9987-DDD','230365478Z'),
('7319-CYK','230654789G'),
('3369-FBB','236589745P'),
('1098-BWZ','239984562Y'),
('3368-CCC','302156879L'),
('7810-BFK','332565478Q'),
('5439-DDK','336659874O'),
('5541-BMP','336699854P'),
('5566-DLY','356987514A'),
('M-5673-HH','356987514A'),
('6631-DJR','379865214V'),
('6578-BJS','451256522T'),
('A-5782-BK','451256522T'),
('9991-BDN','476549892Q'),
('2244-CBX','547965367Y'),
('3466-CML','547965367Y'),
('M-8081-MZ','547965367Y'),
('6972-BRT','578951136U'),
('6973-BRT','578951136U'),
('6974-BRT','578951136U'),
('6975-BRT','578951136U'),
('6976-BRT','578951136U'),
('6977-BRT','578951136U'),
('5591-CDF','665320124U'),
('5537-DHN','771819287Z');
/*!40000 ALTER TABLE `vehiculos` ENABLE KEYS */;
UNLOCK TABLES;
/*!40103 SET TIME_ZONE=@OLD_TIME_ZONE */;

/*!40101 SET SQL_MODE=@OLD_SQL_MODE */;
/*!40014 SET FOREIGN_KEY_CHECKS=@OLD_FOREIGN_KEY_CHECKS */;
/*!40014 SET UNIQUE_CHECKS=@OLD_UNIQUE_CHECKS */;
/*!40101 SET CHARACTER_SET_CLIENT=@OLD_CHARACTER_SET_CLIENT */;
/*!40101 SET CHARACTER_SET_RESULTS=@OLD_CHARACTER_SET_RESULTS */;
/*!40101 SET COLLATION_CONNECTION=@OLD_COLLATION_CONNECTION */;
/*!40111 SET SQL_NOTES=@OLD_SQL_NOTES */;

-- Dump completed on 2024-05-30 10:34:16
